timestamp,city,temperature,description
2026-03-16T16:34:01.801Z,Andaman and Nicobar Islands,27.12,clear sky
2026-03-17T11:09:11.433Z,Andaman and Nicobar Islands,29.51,scattered clouds
2026-03-17T11:10:44.295Z,Andaman and Nicobar Islands,29.51,scattered clouds
2026-03-17T11:10:53.524Z,Andaman and Nicobar Islands,29.51,scattered clouds
2026-03-17T11:21:33.553Z,Andaman and Nicobar Islands,29.51,scattered clouds
2026-03-17T11:32:13.970Z,Andaman and Nicobar Islands,29.51,scattered clouds
2026-03-17T11:47:46.320Z,Andaman and Nicobar Islands,28.51,scattered clouds
2026-03-17T12:36:33.121Z,Andaman and Nicobar Islands,28.51,haze
2026-03-17T12:32:03.233Z,London,13.94,broken clouds
2026-03-17T14:21:29.521Z,Andaman and Nicobar Islands,27.27,clear sky
2026-03-17T14:31:18.295Z,Andaman and Nicobar Islands,27.27,clear sky
2026-03-17T14:35:44.000Z,Andaman and Nicobar Islands,27.2,clear sky
2026-03-17T14:37:31.402Z,Andaman and Nicobar Islands,27.2,clear sky
2026-03-17T14:58:56.719Z,Andaman and Nicobar Islands,27.51,haze
2026-03-17T14:59:31.792Z,Andaman and Nicobar Islands,27.2,clear sky
2026-03-25T16:51:59.638Z,Andaman and Nicobar Islands,26.84,clear sky
2026-03-25T17:05:14.589Z,Andaman and Nicobar Islands,26.84,clear sky
2026-03-25T18:58:47.220Z,Andaman and Nicobar Islands,27.51,haze
2026-03-25T20:41:39.754Z,Andaman and Nicobar Islands,26.06,clear sky
2026-03-25T22:39:31.454Z,Andaman and Nicobar Islands,25.45,clear sky
2026-03-26T02:34:50.191Z,Andaman and Nicobar Islands,26.51,mist
2026-03-26T05:41:51.696Z,Andaman and Nicobar Islands,31.51,few clouds
2026-03-26T07:13:14.767Z,Andaman and Nicobar Islands,31.51,few clouds
2026-03-26T09:00:37.778Z,Andaman and Nicobar Islands,30.02,clear sky
2026-03-26T10:54:23.058Z,Andaman and Nicobar Islands,29.51,few clouds
2026-03-26T13:22:26.866Z,Andaman and Nicobar Islands,27.93,clear sky
2026-03-26T15:06:59.290Z,Andaman and Nicobar Islands,27.62,clear sky
2026-03-26T17:05:13.284Z,Andaman and Nicobar Islands,26.51,mist
2026-03-26T19:10:39.703Z,Andaman and Nicobar Islands,26.85,clear sky
2026-03-26T20:38:38.294Z,Andaman and Nicobar Islands,26.35,clear sky
2026-03-26T22:33:00.858Z,Andaman and Nicobar Islands,25.64,clear sky
2026-03-27T02:36:46.615Z,Andaman and Nicobar Islands,28.74,clear sky
2026-03-27T05:43:18.522Z,Andaman and Nicobar Islands,31.51,few clouds
2026-03-27T07:12:20.923Z,Andaman and Nicobar Islands,31.51,few clouds
2026-03-27T08:56:57.836Z,Andaman and Nicobar Islands,31.51,few clouds
2026-03-27T10:52:27.336Z,Andaman and Nicobar Islands,29.14,clear sky
2026-03-27T13:12:09.625Z,Andaman and Nicobar Islands,28.05,clear sky
2026-03-27T14:53:00.201Z,Andaman and Nicobar Islands,27.56,clear sky
2026-03-27T16:58:12.319Z,Andaman and Nicobar Islands,26.51,haze
2026-03-27T18:59:14.886Z,Andaman and Nicobar Islands,25.51,haze
2026-03-27T20:41:52.284Z,Andaman and Nicobar Islands,26.31,clear sky
2026-03-27T22:35:15.414Z,Andaman and Nicobar Islands,25.7,scattered clouds
2026-03-28T02:27:21.129Z,Andaman and Nicobar Islands,28.15,few clouds
2026-03-28T05:22:02.324Z,Andaman and Nicobar Islands,31.51,few clouds
2026-03-28T07:01:54.131Z,Andaman and Nicobar Islands,32.51,few clouds
2026-03-28T08:43:15.900Z,Andaman and Nicobar Islands,32.51,few clouds
2026-03-28T10:34:54.740Z,Andaman and Nicobar Islands,29.44,few clouds
2026-03-28T12:59:54.482Z,Andaman and Nicobar Islands,28.18,overcast clouds
2026-03-28T14:34:08.735Z,Andaman and Nicobar Islands,27.57,overcast clouds
2026-03-28T16:37:24.641Z,Andaman and Nicobar Islands,27.1,overcast clouds
2026-03-28T18:44:22.174Z,Andaman and Nicobar Islands,25.51,mist
2026-03-28T20:34:28.547Z,Andaman and Nicobar Islands,26.31,overcast clouds
2026-03-28T22:32:04.461Z,Andaman and Nicobar Islands,26,overcast clouds
2026-03-29T02:39:47.111Z,Andaman and Nicobar Islands,28.51,haze
2026-03-29T05:44:05.836Z,Andaman and Nicobar Islands,31.51,scattered clouds
2026-03-29T07:07:26.124Z,Andaman and Nicobar Islands,32.51,scattered clouds
2026-03-29T08:42:55.896Z,Andaman and Nicobar Islands,29.76,overcast clouds
2026-03-29T10:37:20.871Z,Andaman and Nicobar Islands,29.51,broken clouds
2026-03-29T13:01:08.992Z,Andaman and Nicobar Islands,28.51,haze
2026-03-29T14:35:24.942Z,Andaman and Nicobar Islands,28.51,haze
2026-03-29T16:38:14.043Z,Andaman and Nicobar Islands,27.51,haze
2026-03-29T18:47:25.829Z,Andaman and Nicobar Islands,26.51,mist
2026-03-29T20:36:17.414Z,Andaman and Nicobar Islands,26.3,overcast clouds
2026-03-29T22:34:35.632Z,Andaman and Nicobar Islands,26.17,overcast clouds
2026-03-30T02:42:42.918Z,Andaman and Nicobar Islands,29.51,mist
2026-03-30T05:59:45.489Z,Andaman and Nicobar Islands,31.51,scattered clouds
2026-03-30T07:56:48.986Z,Andaman and Nicobar Islands,31.51,scattered clouds
2026-03-30T09:21:40.494Z,Andaman and Nicobar Islands,30.04,clear sky
2026-03-30T11:04:41.783Z,Andaman and Nicobar Islands,30.51,scattered clouds
2026-03-30T13:26:00.227Z,Andaman and Nicobar Islands,27.85,clear sky
2026-03-30T15:05:52.380Z,Andaman and Nicobar Islands,28.51,haze
2026-03-30T16:59:11.767Z,Andaman and Nicobar Islands,27.51,haze
2026-03-30T19:03:10.885Z,Andaman and Nicobar Islands,25.51,mist
2026-03-30T20:49:39.393Z,Andaman and Nicobar Islands,25.51,mist
2026-03-30T22:39:03.599Z,Andaman and Nicobar Islands,26.32,scattered clouds
2026-03-31T02:36:29.249Z,Andaman and Nicobar Islands,29.51,few clouds
2026-03-31T05:45:15.873Z,Andaman and Nicobar Islands,30.2,scattered clouds
2026-03-31T07:19:32.892Z,Andaman and Nicobar Islands,29.93,broken clouds
2026-03-31T09:03:40.799Z,Andaman and Nicobar Islands,24.51,moderate rain
2026-03-31T10:55:13.958Z,Andaman and Nicobar Islands,29,broken clouds
2026-03-31T13:24:45.761Z,Andaman and Nicobar Islands,28.18,scattered clouds
2026-03-31T15:04:35.453Z,Andaman and Nicobar Islands,26.51,mist
2026-03-31T17:00:38.244Z,Andaman and Nicobar Islands,25.51,mist
2026-03-31T19:04:55.057Z,Andaman and Nicobar Islands,27.2,overcast clouds
2026-03-31T20:45:55.209Z,Andaman and Nicobar Islands,27.15,overcast clouds
2026-03-31T22:36:40.042Z,Andaman and Nicobar Islands,27.14,overcast clouds
2026-04-01T02:48:46.119Z,Andaman and Nicobar Islands,28.93,overcast clouds
2026-04-01T05:56:24.865Z,Andaman and Nicobar Islands,32.51,broken clouds
2026-04-01T07:42:28.734Z,Andaman and Nicobar Islands,31.51,broken clouds
2026-04-01T09:08:49.206Z,Andaman and Nicobar Islands,29.51,light rain
2026-04-01T10:59:53.837Z,Andaman and Nicobar Islands,27.51,broken clouds
2026-04-01T13:27:11.363Z,Andaman and Nicobar Islands,28.06,overcast clouds
2026-04-01T15:06:53.852Z,Andaman and Nicobar Islands,27.84,overcast clouds
2026-04-01T16:58:38.694Z,Andaman and Nicobar Islands,25.51,mist
2026-04-01T19:05:45.910Z,Andaman and Nicobar Islands,24.51,mist
2026-04-01T20:48:23.042Z,Andaman and Nicobar Islands,26.59,broken clouds
2026-04-01T22:39:51.474Z,Andaman and Nicobar Islands,26.24,broken clouds
2026-04-02T02:32:56.867Z,Andaman and Nicobar Islands,27.51,mist
2026-04-02T05:42:29.032Z,Andaman and Nicobar Islands,31.51,scattered clouds
2026-04-02T07:16:47.515Z,Andaman and Nicobar Islands,31.1,overcast clouds
2026-04-02T09:00:55.641Z,Andaman and Nicobar Islands,33.51,few clouds
2026-04-02T10:53:08.481Z,Andaman and Nicobar Islands,30.51,few clouds
2026-04-02T13:19:33.901Z,Andaman and Nicobar Islands,28.67,broken clouds
2026-04-02T14:58:20.356Z,Andaman and Nicobar Islands,28.51,haze
2026-04-02T16:57:57.013Z,Andaman and Nicobar Islands,27.51,mist
2026-04-02T19:00:05.198Z,Andaman and Nicobar Islands,25.51,mist
2026-04-02T20:37:45.265Z,Andaman and Nicobar Islands,26.91,overcast clouds
2026-04-02T22:33:35.902Z,Andaman and Nicobar Islands,26.6,overcast clouds
2026-04-03T02:34:42.030Z,Andaman and Nicobar Islands,29.51,few clouds
2026-04-03T05:42:38.791Z,Andaman and Nicobar Islands,31.09,overcast clouds
2026-04-03T07:13:07.875Z,Andaman and Nicobar Islands,31.13,overcast clouds
2026-04-03T08:57:47.973Z,Andaman and Nicobar Islands,32.51,scattered clouds
2026-04-03T10:45:30.340Z,Andaman and Nicobar Islands,32.51,scattered clouds
2026-04-03T13:09:05.324Z,Andaman and Nicobar Islands,28.51,haze
2026-04-03T14:44:45.480Z,Andaman and Nicobar Islands,27.51,haze
2026-04-03T16:43:47.388Z,Andaman and Nicobar Islands,27.51,haze
2026-04-03T18:52:12.222Z,Andaman and Nicobar Islands,26.51,haze
2026-04-03T20:39:45.142Z,Andaman and Nicobar Islands,27,scattered clouds
2026-04-03T22:36:19.048Z,Andaman and Nicobar Islands,26.78,scattered clouds
2026-04-04T02:26:28.100Z,Andaman and Nicobar Islands,29.51,scattered clouds
2026-04-04T05:22:01.881Z,Andaman and Nicobar Islands,31.51,scattered clouds
2026-04-04T07:04:30.536Z,Andaman and Nicobar Islands,30.51,scattered clouds
2026-04-04T08:43:46.053Z,Andaman and Nicobar Islands,29.99,overcast clouds
2026-04-04T10:36:37.372Z,Andaman and Nicobar Islands,29.32,overcast clouds
2026-04-04T13:00:44.907Z,Andaman and Nicobar Islands,28.1,overcast clouds
2026-04-04T14:35:31.787Z,Andaman and Nicobar Islands,27.51,haze
2026-04-04T16:38:33.156Z,Andaman and Nicobar Islands,26.51,mist
2026-04-04T18:46:33.145Z,Andaman and Nicobar Islands,26.8,overcast clouds
2026-04-04T20:35:10.063Z,Andaman and Nicobar Islands,26.81,overcast clouds
2026-04-04T22:32:34.533Z,Andaman and Nicobar Islands,26.71,overcast clouds
2026-04-05T02:42:17.700Z,Andaman and Nicobar Islands,29.51,scattered clouds
2026-04-05T05:45:27.173Z,Andaman and Nicobar Islands,32.51,scattered clouds
2026-04-05T07:10:36.764Z,Andaman and Nicobar Islands,31.05,broken clouds
2026-04-05T08:48:16.932Z,Andaman and Nicobar Islands,30.51,scattered clouds
2026-04-05T10:37:27.183Z,Andaman and Nicobar Islands,31.51,scattered clouds
2026-04-05T13:02:43.878Z,Andaman and Nicobar Islands,28.51,scattered clouds
2026-04-05T14:37:19.652Z,Andaman and Nicobar Islands,27.51,haze
2026-04-05T16:39:37.229Z,Andaman and Nicobar Islands,26.51,haze
2026-04-05T18:49:28.765Z,Andaman and Nicobar Islands,25.51,mist
2026-04-05T20:36:50.624Z,Andaman and Nicobar Islands,26.71,clear sky
2026-04-05T22:34:32.556Z,Andaman and Nicobar Islands,26.46,clear sky
2026-04-06T02:43:31.227Z,Andaman and Nicobar Islands,29.51,few clouds
2026-04-06T06:00:00.357Z,Andaman and Nicobar Islands,31.51,few clouds
2026-04-06T07:58:13.403Z,Andaman and Nicobar Islands,30.85,clear sky
2026-04-06T09:18:44.755Z,Andaman and Nicobar Islands,30.51,clear sky
2026-04-06T10:59:39.717Z,Andaman and Nicobar Islands,30.51,few clouds
2026-04-06T13:16:19.566Z,Andaman and Nicobar Islands,28.51,haze
2026-04-06T14:51:14.949Z,Andaman and Nicobar Islands,28.3,overcast clouds
2026-04-06T16:52:43.601Z,Andaman and Nicobar Islands,27.51,haze
2026-04-06T19:04:40.653Z,Andaman and Nicobar Islands,27.58,overcast clouds
2026-04-06T20:39:52.276Z,Andaman and Nicobar Islands,27.21,overcast clouds
2026-04-06T22:39:37.671Z,Andaman and Nicobar Islands,26.93,overcast clouds
2026-04-07T02:37:44.015Z,Andaman and Nicobar Islands,29.56,scattered clouds
2026-04-07T05:47:38.233Z,Andaman and Nicobar Islands,30.32,few clouds
2026-04-07T07:21:41.508Z,Andaman and Nicobar Islands,31.51,scattered clouds
2026-04-07T09:05:48.083Z,Andaman and Nicobar Islands,30.09,clear sky
2026-04-07T10:58:12.233Z,Andaman and Nicobar Islands,29.51,scattered clouds
2026-04-07T13:23:46.865Z,Andaman and Nicobar Islands,28.47,overcast clouds
2026-04-07T15:11:46.340Z,Andaman and Nicobar Islands,28.28,overcast clouds
2026-04-07T17:02:10.538Z,Andaman and Nicobar Islands,27.73,overcast clouds
2026-04-07T19:07:35.467Z,Andaman and Nicobar Islands,26.51,mist
2026-04-07T20:51:19.005Z,Andaman and Nicobar Islands,26.89,overcast clouds
2026-04-07T22:40:10.043Z,Andaman and Nicobar Islands,26.62,overcast clouds
2026-04-08T02:38:33.825Z,Andaman and Nicobar Islands,29.84,overcast clouds
2026-04-08T05:48:02.842Z,Andaman and Nicobar Islands,30.1,broken clouds
2026-04-08T07:24:28.430Z,Andaman and Nicobar Islands,30.14,scattered clouds
2026-04-08T09:04:37.607Z,Andaman and Nicobar Islands,31.51,scattered clouds
2026-04-08T10:59:39.155Z,Andaman and Nicobar Islands,29.33,scattered clouds
2026-04-08T13:24:48.161Z,Andaman and Nicobar Islands,28.35,broken clouds
2026-04-08T15:12:43.559Z,Andaman and Nicobar Islands,28.35,broken clouds
2026-04-08T17:05:53.459Z,Andaman and Nicobar Islands,27.93,broken clouds
2026-04-08T19:20:30.406Z,Andaman and Nicobar Islands,25.51,mist
2026-04-08T20:47:12.068Z,Andaman and Nicobar Islands,26.63,scattered clouds
2026-04-08T22:41:24.691Z,Andaman and Nicobar Islands,26.47,scattered clouds
2026-04-09T02:33:25.592Z,Andaman and Nicobar Islands,29.51,few clouds
2026-04-09T05:49:48.226Z,Andaman and Nicobar Islands,30.51,scattered clouds
2026-04-09T07:27:07.848Z,Andaman and Nicobar Islands,30.43,few clouds
2026-04-09T09:11:20.283Z,Andaman and Nicobar Islands,31.51,scattered clouds
2026-04-09T11:01:15.584Z,Andaman and Nicobar Islands,29.19,scattered clouds
2026-04-09T13:46:07.491Z,Andaman and Nicobar Islands,27.95,few clouds
2026-04-09T15:23:53.630Z,Andaman and Nicobar Islands,27.69,clear sky
2026-04-09T17:10:05.308Z,Andaman and Nicobar Islands,27.27,few clouds
2026-04-09T19:10:57.041Z,Andaman and Nicobar Islands,26.99,overcast clouds
2026-04-09T20:54:20.012Z,Andaman and Nicobar Islands,26.61,overcast clouds
2026-04-09T22:42:53.021Z,Andaman and Nicobar Islands,26.38,overcast clouds
2026-04-10T02:45:15.976Z,Andaman and Nicobar Islands,28.51,scattered clouds
2026-04-10T05:59:22.068Z,Andaman and Nicobar Islands,30.74,overcast clouds
2026-04-10T07:55:09.939Z,Andaman and Nicobar Islands,30.79,broken clouds
2026-04-10T09:12:59.013Z,Andaman and Nicobar Islands,30.2,broken clouds
2026-04-10T10:57:52.233Z,Andaman and Nicobar Islands,29.16,broken clouds
2026-04-10T13:16:45.451Z,Andaman and Nicobar Islands,28.77,overcast clouds
2026-04-10T14:50:44.287Z,Andaman and Nicobar Islands,28.32,overcast clouds
2026-04-10T16:54:20.253Z,Andaman and Nicobar Islands,25.51,mist
2026-04-10T18:57:38.691Z,Andaman and Nicobar Islands,25.51,mist
2026-04-10T20:40:46.941Z,Andaman and Nicobar Islands,27.69,overcast clouds
2026-04-10T22:40:04.636Z,Andaman and Nicobar Islands,27.16,overcast clouds
2026-04-11T02:29:48.551Z,Andaman and Nicobar Islands,28.69,overcast clouds
2026-04-11T05:25:36.561Z,Andaman and Nicobar Islands,30.5,broken clouds
2026-04-11T07:03:32.047Z,Andaman and Nicobar Islands,30.71,clear sky
2026-04-11T08:49:45.232Z,Andaman and Nicobar Islands,31.51,scattered clouds
2026-04-11T10:37:05.390Z,Andaman and Nicobar Islands,29.78,clear sky
2026-04-11T13:03:31.036Z,Andaman and Nicobar Islands,28.81,few clouds
2026-04-11T14:37:45.300Z,Andaman and Nicobar Islands,28.15,clear sky
2026-04-11T16:40:09.585Z,Andaman and Nicobar Islands,28.51,haze
2026-04-11T18:50:06.277Z,Andaman and Nicobar Islands,27.35,few clouds
2026-04-11T20:36:41.839Z,Andaman and Nicobar Islands,27.01,few clouds
2026-04-11T22:35:03.131Z,Andaman and Nicobar Islands,26.98,few clouds
2026-04-12T02:48:58.072Z,Andaman and Nicobar Islands,30.51,few clouds
2026-04-12T05:54:51.938Z,Andaman and Nicobar Islands,32.51,scattered clouds
2026-04-12T07:17:50.405Z,Andaman and Nicobar Islands,31.68,clear sky
2026-04-12T08:52:36.618Z,Andaman and Nicobar Islands,31.06,clear sky
2026-04-12T10:40:46.247Z,Andaman and Nicobar Islands,30.51,scattered clouds
2026-04-12T13:06:22.135Z,Andaman and Nicobar Islands,29.13,broken clouds
2026-04-12T14:41:26.535Z,Andaman and Nicobar Islands,27.51,drizzle
2026-04-12T16:42:10.674Z,Andaman and Nicobar Islands,28.89,broken clouds
2026-04-12T18:54:19.747Z,Andaman and Nicobar Islands,26.51,mist
2026-04-12T20:39:47.510Z,Andaman and Nicobar Islands,27.71,broken clouds
2026-04-12T22:37:18.639Z,Andaman and Nicobar Islands,27.2,broken clouds
2026-04-13T02:53:21.795Z,Andaman and Nicobar Islands,30.63,scattered clouds
2026-04-13T06:16:50.229Z,Andaman and Nicobar Islands,31,scattered clouds
2026-04-13T09:57:39.526Z,Andaman and Nicobar Islands,28.73,broken clouds
2026-04-13T11:24:05.603Z,Andaman and Nicobar Islands,28.65,broken clouds
2026-04-13T13:43:37.786Z,Andaman and Nicobar Islands,27.78,overcast clouds
2026-04-13T15:16:30.577Z,Andaman and Nicobar Islands,27.54,broken clouds
2026-04-13T17:06:01.344Z,Andaman and Nicobar Islands,27.25,scattered clouds
2026-04-13T19:17:10.141Z,Andaman and Nicobar Islands,26.96,broken clouds
2026-04-13T20:57:52.161Z,Andaman and Nicobar Islands,26.62,scattered clouds
2026-04-13T22:47:05.894Z,Andaman and Nicobar Islands,26.21,scattered clouds
2026-04-14T02:46:21.393Z,Andaman and Nicobar Islands,29.53,few clouds
2026-04-14T06:01:44.626Z,Andaman and Nicobar Islands,30.76,scattered clouds
2026-04-14T09:21:15.696Z,Andaman and Nicobar Islands,30.17,scattered clouds
2026-04-14T11:05:12.553Z,Andaman and Nicobar Islands,29.51,haze
2026-04-14T13:47:13.574Z,Andaman and Nicobar Islands,28.51,haze
2026-04-14T15:15:42.274Z,Andaman and Nicobar Islands,28.18,scattered clouds
2026-04-14T17:12:28.349Z,Andaman and Nicobar Islands,27.64,scattered clouds
2026-04-14T19:19:54.474Z,Andaman and Nicobar Islands,27.1,scattered clouds
2026-04-14T20:57:39.904Z,Andaman and Nicobar Islands,26.59,scattered clouds
2026-04-14T22:49:38.482Z,Andaman and Nicobar Islands,26.53,few clouds
2026-04-15T02:43:34.971Z,Andaman and Nicobar Islands,30.51,haze
2026-04-15T06:01:22.044Z,Andaman and Nicobar Islands,31.51,scattered clouds
2026-04-15T09:22:26.841Z,Andaman and Nicobar Islands,30.51,scattered clouds
2026-04-15T11:01:07.319Z,Andaman and Nicobar Islands,29.98,few clouds
2026-04-15T13:42:31.396Z,Andaman and Nicobar Islands,28.48,broken clouds
2026-04-15T15:07:25.242Z,Andaman and Nicobar Islands,27.51,haze
2026-04-15T17:07:04.389Z,Andaman and Nicobar Islands,27.65,broken clouds
2026-04-15T19:21:14.048Z,Andaman and Nicobar Islands,27.16,scattered clouds
2026-04-15T20:53:29.907Z,Andaman and Nicobar Islands,26.66,few clouds
2026-04-15T22:43:17.437Z,Andaman and Nicobar Islands,23.51,mist
2026-04-16T02:51:21.560Z,Andaman and Nicobar Islands,30.51,few clouds
2026-04-16T06:03:25.391Z,Andaman and Nicobar Islands,31.51,few clouds
2026-04-16T09:22:13.040Z,Andaman and Nicobar Islands,31.25,few clouds
2026-04-16T11:06:03.901Z,Andaman and Nicobar Islands,30.07,scattered clouds
2026-04-16T13:51:16.291Z,Andaman and Nicobar Islands,28.63,overcast clouds
2026-04-16T15:28:02.224Z,Andaman and Nicobar Islands,28.31,overcast clouds
2026-04-16T17:17:50.389Z,Andaman and Nicobar Islands,25.51,mist
2026-04-16T19:19:15.955Z,Andaman and Nicobar Islands,27.14,scattered clouds
2026-04-16T20:52:01.022Z,Andaman and Nicobar Islands,26.63,broken clouds
2026-04-16T22:42:36.841Z,Andaman and Nicobar Islands,26.28,broken clouds
2026-04-17T02:46:38.829Z,Andaman and Nicobar Islands,29.39,scattered clouds
2026-04-17T06:04:50.031Z,Andaman and Nicobar Islands,31.51,few clouds
2026-04-17T09:20:37.044Z,Andaman and Nicobar Islands,30.66,clear sky
2026-04-17T10:59:07.484Z,Andaman and Nicobar Islands,29.74,clear sky
2026-04-17T13:24:28.645Z,Andaman and Nicobar Islands,28.51,haze
2026-04-17T14:57:40.000Z,Andaman and Nicobar Islands,28.18,clear sky
2026-04-17T16:56:30.873Z,Andaman and Nicobar Islands,27.61,clear sky
2026-04-17T19:04:30.626Z,Andaman and Nicobar Islands,26.99,clear sky
2026-04-17T20:49:34.903Z,Andaman and Nicobar Islands,26.45,clear sky
2026-04-17T22:42:07.663Z,Andaman and Nicobar Islands,26.25,clear sky
2026-04-18T02:37:04.009Z,Andaman and Nicobar Islands,29.6,broken clouds
2026-04-18T05:42:01.326Z,Andaman and Nicobar Islands,31.7,broken clouds
2026-04-18T07:12:32.902Z,Andaman and Nicobar Islands,31.77,few clouds
2026-04-18T08:54:26.981Z,Andaman and Nicobar Islands,31.24,scattered clouds
2026-04-18T10:42:34.239Z,Andaman and Nicobar Islands,30,few clouds
2026-04-18T13:07:04.550Z,Andaman and Nicobar Islands,28.94,scattered clouds
2026-04-18T14:41:54.235Z,Andaman and Nicobar Islands,28.66,broken clouds
2026-04-18T16:43:32.204Z,Andaman and Nicobar Islands,28.48,overcast clouds
2026-04-18T18:55:03.210Z,Andaman and Nicobar Islands,27.89,clear sky
2026-04-18T20:39:39.854Z,Andaman and Nicobar Islands,27.36,few clouds
2026-04-18T22:37:56.942Z,Andaman and Nicobar Islands,26.95,scattered clouds
2026-04-19T02:53:29.416Z,Andaman and Nicobar Islands,29.97,scattered clouds
2026-04-19T05:59:32.798Z,Andaman and Nicobar Islands,31.29,scattered clouds
2026-04-19T07:42:44.549Z,Andaman and Nicobar Islands,31.51,few clouds
2026-04-19T08:57:34.900Z,Andaman and Nicobar Islands,31.31,scattered clouds
2026-04-19T10:41:32.561Z,Andaman and Nicobar Islands,30.51,scattered clouds
2026-04-19T13:06:53.596Z,Andaman and Nicobar Islands,29.23,broken clouds
2026-04-19T14:41:56.843Z,Andaman and Nicobar Islands,28.51,haze
2026-04-19T16:43:29.303Z,Andaman and Nicobar Islands,29.43,overcast clouds
2026-04-19T18:55:12.735Z,Andaman and Nicobar Islands,27.51,mist
2026-04-19T20:40:54.900Z,Andaman and Nicobar Islands,28.03,overcast clouds
2026-04-19T22:38:29.525Z,Andaman and Nicobar Islands,27.55,overcast clouds
2026-04-20T02:54:09.574Z,Andaman and Nicobar Islands,30.51,few clouds
2026-04-20T06:16:56.329Z,Andaman and Nicobar Islands,31.61,overcast clouds
2026-04-20T09:59:55.057Z,Andaman and Nicobar Islands,29.57,overcast clouds
2026-04-20T11:37:53.114Z,Andaman and Nicobar Islands,28.44,overcast clouds
2026-04-20T13:47:21.887Z,Andaman and Nicobar Islands,28.51,haze
2026-04-20T15:17:16.575Z,Andaman and Nicobar Islands,28.37,overcast clouds
2026-04-20T17:06:23.095Z,Andaman and Nicobar Islands,26.51,mist
2026-04-20T19:09:01.556Z,Andaman and Nicobar Islands,27.67,overcast clouds
2026-04-20T20:51:25.773Z,Andaman and Nicobar Islands,27.41,overcast clouds
2026-04-20T22:47:13.275Z,Andaman and Nicobar Islands,27.28,overcast clouds
2026-04-21T02:47:39.722Z,Andaman and Nicobar Islands,29.91,scattered clouds
2026-04-21T06:03:53.708Z,Andaman and Nicobar Islands,31.3,scattered clouds
2026-04-21T09:42:35.175Z,Andaman and Nicobar Islands,30.17,overcast clouds
2026-04-21T11:09:47.352Z,Andaman and Nicobar Islands,31.51,scattered clouds
2026-04-21T13:46:45.059Z,Andaman and Nicobar Islands,29.09,overcast clouds
2026-04-21T15:15:38.737Z,Andaman and Nicobar Islands,28.87,broken clouds
2026-04-21T17:05:32.630Z,Andaman and Nicobar Islands,28.4,broken clouds
2026-04-21T19:16:03.737Z,Andaman and Nicobar Islands,26.51,mist
2026-04-21T20:55:51.612Z,Andaman and Nicobar Islands,27.41,overcast clouds
2026-04-21T22:40:01.634Z,Andaman and Nicobar Islands,27.49,overcast clouds
2026-04-22T02:46:05.104Z,Andaman and Nicobar Islands,30.42,broken clouds
2026-04-22T06:01:40.108Z,Andaman and Nicobar Islands,32.51,scattered clouds
2026-04-22T09:23:25.937Z,Andaman and Nicobar Islands,32.51,scattered clouds
2026-04-22T11:08:13.507Z,Andaman and Nicobar Islands,30.42,broken clouds
2026-04-22T13:46:32.384Z,Andaman and Nicobar Islands,29.32,overcast clouds
2026-04-22T15:15:57.841Z,Andaman and Nicobar Islands,28.51,haze
2026-04-22T17:04:10.521Z,Andaman and Nicobar Islands,28.53,broken clouds
2026-04-22T19:17:23.954Z,Andaman and Nicobar Islands,28.01,scattered clouds
2026-04-22T20:58:01.246Z,Andaman and Nicobar Islands,27.52,scattered clouds
2026-04-22T22:50:44.303Z,Andaman and Nicobar Islands,27.23,scattered clouds
2026-04-23T02:49:25.157Z,Andaman and Nicobar Islands,30.23,overcast clouds
2026-04-23T06:07:16.985Z,Andaman and Nicobar Islands,31.84,overcast clouds
2026-04-23T09:46:36.228Z,Andaman and Nicobar Islands,30.83,broken clouds
2026-04-23T11:12:05.691Z,Andaman and Nicobar Islands,30.22,broken clouds
2026-04-23T13:49:05.685Z,Andaman and Nicobar Islands,28.51,haze
2026-04-23T15:55:50.810Z,Andaman and Nicobar Islands,28.59,scattered clouds
2026-04-23T17:23:39.037Z,Andaman and Nicobar Islands,28.3,scattered clouds
2026-04-23T19:14:29.571Z,Andaman and Nicobar Islands,27.74,overcast clouds
2026-04-23T20:55:36.936Z,Andaman and Nicobar Islands,27.2,broken clouds
2026-04-23T22:49:58.067Z,Andaman and Nicobar Islands,27.03,scattered clouds
2026-04-24T02:50:20.718Z,Andaman and Nicobar Islands,29.51,few clouds
2026-04-24T06:09:23.167Z,Andaman and Nicobar Islands,31.51,few clouds
2026-04-24T09:46:43.247Z,Andaman and Nicobar Islands,32.51,few clouds
2026-04-24T11:07:23.170Z,Andaman and Nicobar Islands,30.51,few clouds
2026-04-24T13:40:32.526Z,Andaman and Nicobar Islands,29.15,overcast clouds
2026-04-24T15:10:13.231Z,Andaman and Nicobar Islands,28.96,broken clouds
2026-04-24T17:00:13.411Z,Andaman and Nicobar Islands,28.51,haze
2026-04-24T18:56:46.115Z,Andaman and Nicobar Islands,26.51,mist
2026-04-24T20:52:47.937Z,Andaman and Nicobar Islands,27.83,broken clouds
2026-04-24T22:40:47.198Z,Andaman and Nicobar Islands,27.56,broken clouds
2026-04-25T02:38:39.310Z,Andaman and Nicobar Islands,30.51,scattered clouds
2026-04-25T05:49:37.065Z,Andaman and Nicobar Islands,31.51,scattered clouds
2026-04-25T07:21:03.433Z,Andaman and Nicobar Islands,31.51,scattered clouds
2026-04-25T08:55:58.993Z,Andaman and Nicobar Islands,31.51,scattered clouds
2026-04-25T10:47:21.023Z,Andaman and Nicobar Islands,30.51,scattered clouds
2026-04-25T13:09:35.072Z,Andaman and Nicobar Islands,28.82,broken clouds
2026-04-25T14:43:38.968Z,Andaman and Nicobar Islands,28.44,scattered clouds
2026-04-25T16:45:40.080Z,Andaman and Nicobar Islands,28.51,haze
2026-04-25T18:56:53.767Z,Andaman and Nicobar Islands,27.62,scattered clouds
2026-04-25T20:41:26.647Z,Andaman and Nicobar Islands,27.19,broken clouds
2026-04-25T22:39:05.043Z,Andaman and Nicobar Islands,27.05,broken clouds
2026-04-26T02:55:45.047Z,Andaman and Nicobar Islands,31.51,scattered clouds
2026-04-26T06:07:55.807Z,Andaman and Nicobar Islands,31.09,scattered clouds
2026-04-26T09:04:03.004Z,Andaman and Nicobar Islands,31.51,few clouds
2026-04-26T10:48:34.382Z,Andaman and Nicobar Islands,31.51,few clouds
2026-04-26T13:11:41.587Z,Andaman and Nicobar Islands,29.28,scattered clouds
2026-04-26T14:47:02.543Z,Andaman and Nicobar Islands,29.51,haze
2026-04-26T16:48:23.559Z,Andaman and Nicobar Islands,28.57,broken clouds
2026-04-26T18:58:28.861Z,Andaman and Nicobar Islands,28.26,clear sky
2026-04-26T20:41:23.010Z,Andaman and Nicobar Islands,27.91,few clouds
2026-04-26T22:41:02.937Z,Andaman and Nicobar Islands,27.79,scattered clouds
2026-04-27T03:20:27.049Z,Andaman and Nicobar Islands,31.51,scattered clouds
2026-04-27T06:28:55.418Z,Andaman and Nicobar Islands,32.51,scattered clouds
2026-04-27T10:19:30.945Z,Andaman and Nicobar Islands,30.51,scattered clouds
2026-04-27T13:59:32.342Z,Andaman and Nicobar Islands,29.51,haze
2026-04-27T15:55:34.124Z,Andaman and Nicobar Islands,29.51,haze
2026-04-27T17:25:08.058Z,Andaman and Nicobar Islands,29.51,haze
2026-04-27T19:26:28.307Z,Andaman and Nicobar Islands,27.51,mist
2026-04-27T21:05:06.391Z,Andaman and Nicobar Islands,27.51,mist
2026-04-27T22:54:51.916Z,Andaman and Nicobar Islands,25.51,mist
2026-04-28T03:27:12.541Z,Andaman and Nicobar Islands,32.51,scattered clouds
2026-04-28T06:31:09.595Z,Andaman and Nicobar Islands,32.51,few clouds
2026-04-28T10:16:48.693Z,Andaman and Nicobar Islands,31.03,broken clouds
2026-04-28T14:12:32.733Z,Andaman and Nicobar Islands,29.37,scattered clouds
2026-04-28T17:48:26.502Z,Andaman and Nicobar Islands,26.51,haze
2026-04-28T19:44:23.872Z,Andaman and Nicobar Islands,28.54,broken clouds
2026-04-28T21:09:01.318Z,Andaman and Nicobar Islands,28.39,broken clouds
2026-04-28T22:57:42.669Z,Andaman and Nicobar Islands,28.13,broken clouds
2026-04-29T03:25:33.469Z,Andaman and Nicobar Islands,30.95,overcast clouds
2026-04-29T06:25:03.787Z,Andaman and Nicobar Islands,33.51,scattered clouds
2026-04-29T10:07:59.643Z,Andaman and Nicobar Islands,31.51,scattered clouds
2026-04-29T14:02:47.199Z,Andaman and Nicobar Islands,29.51,haze
2026-04-29T17:40:58.026Z,Andaman and Nicobar Islands,28.77,broken clouds
2026-04-29T19:40:15.749Z,Andaman and Nicobar Islands,28.4,scattered clouds
2026-04-29T21:07:59.224Z,Andaman and Nicobar Islands,28.2,few clouds
2026-04-29T22:58:23.092Z,Andaman and Nicobar Islands,28.08,few clouds
2026-04-30T03:26:44.251Z,Andaman and Nicobar Islands,31.51,scattered clouds
2026-04-30T06:28:47.721Z,Andaman and Nicobar Islands,33.51,scattered clouds
2026-04-30T10:08:26.222Z,Andaman and Nicobar Islands,32.51,scattered clouds
2026-04-30T14:01:13.072Z,Andaman and Nicobar Islands,29.79,scattered clouds
2026-04-30T17:23:34.656Z,Andaman and Nicobar Islands,29.09,few clouds
2026-04-30T19:25:54.070Z,Andaman and Nicobar Islands,28.51,haze
2026-04-30T21:03:33.904Z,Andaman and Nicobar Islands,28.3,scattered clouds
2026-04-30T22:55:16.587Z,Andaman and Nicobar Islands,26.51,mist
2026-05-01T03:36:35.152Z,Andaman and Nicobar Islands,31.51,scattered clouds
2026-05-01T06:38:36.579Z,Andaman and Nicobar Islands,31.74,overcast clouds
2026-05-01T09:47:44.445Z,Andaman and Nicobar Islands,31.51,scattered clouds
2026-05-01T11:08:00.466Z,Andaman and Nicobar Islands,30.55,broken clouds
2026-05-01T13:23:02.460Z,Andaman and Nicobar Islands,29.92,overcast clouds
2026-05-01T14:57:39.315Z,Andaman and Nicobar Islands,29.51,haze
2026-05-01T16:58:57.069Z,Andaman and Nicobar Islands,27.51,haze
2026-05-01T19:15:48.554Z,Andaman and Nicobar Islands,28.72,overcast clouds
2026-05-01T20:55:47.794Z,Andaman and Nicobar Islands,28.33,overcast clouds
2026-05-01T22:52:40.090Z,Andaman and Nicobar Islands,28.05,overcast clouds
2026-05-02T02:52:42.591Z,Andaman and Nicobar Islands,31.51,scattered clouds
2026-05-02T06:08:17.041Z,Andaman and Nicobar Islands,33.51,scattered clouds
2026-05-02T09:09:05.834Z,Andaman and Nicobar Islands,32.51,scattered clouds
2026-05-02T10:54:34.927Z,Andaman and Nicobar Islands,31.51,scattered clouds
2026-05-02T13:17:09.220Z,Andaman and Nicobar Islands,29.51,haze
2026-05-02T14:50:47.103Z,Andaman and Nicobar Islands,28.51,haze
2026-05-02T16:52:08.425Z,Andaman and Nicobar Islands,28.51,haze
2026-05-02T19:02:50.711Z,Andaman and Nicobar Islands,28.98,few clouds
2026-05-02T20:44:22.298Z,Andaman and Nicobar Islands,28.7,few clouds
2026-05-02T22:44:39.944Z,Andaman and Nicobar Islands,28.6,scattered clouds
2026-05-03T03:28:35.736Z,Andaman and Nicobar Islands,32.51,scattered clouds
2026-05-03T06:27:20.018Z,Andaman and Nicobar Islands,33.51,scattered clouds
2026-05-03T09:23:24.547Z,Andaman and Nicobar Islands,31.51,thunderstorm
2026-05-03T10:55:47.436Z,Andaman and Nicobar Islands,31.51,scattered clouds
2026-05-03T13:15:30.395Z,Andaman and Nicobar Islands,29.87,overcast clouds
2026-05-03T14:51:13.160Z,Andaman and Nicobar Islands,29.51,haze
2026-05-03T16:54:07.527Z,Andaman and Nicobar Islands,27.51,mist
2026-05-03T19:02:52.634Z,Andaman and Nicobar Islands,26.51,mist
2026-05-03T20:47:03.370Z,Andaman and Nicobar Islands,28.61,overcast clouds
2026-05-03T22:44:16.792Z,Andaman and Nicobar Islands,28.47,overcast clouds
2026-05-04T03:27:02.650Z,Andaman and Nicobar Islands,31.51,scattered clouds
2026-05-04T06:40:07.188Z,Andaman and Nicobar Islands,32.51,scattered clouds
2026-05-04T10:15:52.286Z,Andaman and Nicobar Islands,31.51,scattered clouds
2026-05-04T14:06:08.780Z,Andaman and Nicobar Islands,30.02,overcast clouds
2026-05-04T17:42:31.918Z,Andaman and Nicobar Islands,29.4,overcast clouds
2026-05-04T19:43:06.261Z,Andaman and Nicobar Islands,29.31,overcast clouds
2026-05-04T21:10:31.078Z,Andaman and Nicobar Islands,29.01,overcast clouds
2026-05-04T22:57:59.470Z,Andaman and Nicobar Islands,29,overcast clouds
2026-05-05T02:54:04.222Z,Andaman and Nicobar Islands,32.51,scattered clouds
2026-05-05T06:17:36.177Z,Andaman and Nicobar Islands,25.51,moderate rain
2026-05-05T10:04:58.144Z,Andaman and Nicobar Islands,26.51,mist
2026-05-05T13:59:47.312Z,Andaman and Nicobar Islands,25.51,mist
2026-05-05T15:58:11.144Z,Andaman and Nicobar Islands,29.03,overcast clouds
2026-05-05T17:44:12.727Z,Andaman and Nicobar Islands,26.51,mist
2026-05-05T19:24:05.812Z,Andaman and Nicobar Islands,25.51,mist
2026-05-05T21:05:11.579Z,Andaman and Nicobar Islands,28.5,overcast clouds
2026-05-05T22:57:32.237Z,Andaman and Nicobar Islands,28.41,overcast clouds
2026-05-06T03:23:49.375Z,Andaman and Nicobar Islands,31.51,scattered clouds
2026-05-06T06:30:35.891Z,Andaman and Nicobar Islands,32.51,scattered clouds
2026-05-06T10:20:50.195Z,Andaman and Nicobar Islands,28.51,broken clouds
2026-05-06T14:19:51.385Z,Andaman and Nicobar Islands,30.06,light rain
2026-05-06T17:42:47.666Z,Andaman and Nicobar Islands,29.51,haze
2026-05-06T19:48:40.660Z,Andaman and Nicobar Islands,29.34,scattered clouds
2026-05-06T21:12:47.705Z,Andaman and Nicobar Islands,29.23,scattered clouds
2026-05-06T22:54:16.285Z,Andaman and Nicobar Islands,26.51,mist
2026-05-07T03:24:51.726Z,Andaman and Nicobar Islands,32.51,broken clouds
2026-05-07T06:37:07.843Z,Andaman and Nicobar Islands,32.51,broken clouds
2026-05-07T10:26:08.903Z,Andaman and Nicobar Islands,31.51,scattered clouds
2026-05-07T14:15:55.451Z,Andaman and Nicobar Islands,29.51,haze
2026-05-07T17:49:16.264Z,Andaman and Nicobar Islands,29.26,overcast clouds
2026-05-07T19:44:56.454Z,Andaman and Nicobar Islands,28.97,overcast clouds
2026-05-07T21:05:55.293Z,Andaman and Nicobar Islands,28.89,overcast clouds
2026-05-07T23:01:36.993Z,Andaman and Nicobar Islands,28.87,overcast clouds
2026-05-08T03:21:57.435Z,Andaman and Nicobar Islands,29.51,broken clouds
2026-05-08T05:58:51.047Z,Andaman and Nicobar Islands,32.51,scattered clouds
2026-05-08T07:52:55.139Z,Andaman and Nicobar Islands,30.51,scattered clouds
2026-05-08T09:24:10.294Z,Andaman and Nicobar Islands,31.51,scattered clouds
2026-05-08T11:18:51.143Z,Andaman and Nicobar Islands,30.51,scattered clouds
2026-05-08T13:54:18.455Z,Andaman and Nicobar Islands,29.51,haze
2026-05-08T15:25:25.690Z,Andaman and Nicobar Islands,28.51,mist
2026-05-08T17:20:45.225Z,Andaman and Nicobar Islands,29.6,broken clouds
2026-05-08T19:21:27.593Z,Andaman and Nicobar Islands,29.31,broken clouds
2026-05-08T21:03:19.595Z,Andaman and Nicobar Islands,28.83,overcast clouds
2026-05-08T22:56:50.121Z,Andaman and Nicobar Islands,28.99,overcast clouds
2026-05-09T03:20:31.484Z,Andaman and Nicobar Islands,31.51,broken clouds
2026-05-09T06:18:21.880Z,Andaman and Nicobar Islands,31.51,scattered clouds
2026-05-09T09:21:15.113Z,Andaman and Nicobar Islands,31.51,scattered clouds
2026-05-09T10:58:51.612Z,Andaman and Nicobar Islands,28.51,light rain
2026-05-09T13:22:06.147Z,Andaman and Nicobar Islands,25.51,thunderstorm with light rain
2026-05-09T14:53:11.925Z,Andaman and Nicobar Islands,26.51,thunderstorm
2026-05-09T16:57:55.527Z,Andaman and Nicobar Islands,28.52,heavy intensity rain
2026-05-09T19:05:39.896Z,Andaman and Nicobar Islands,26.51,mist
2026-05-09T20:48:16.335Z,Andaman and Nicobar Islands,26.51,mist
2026-05-09T22:49:44.567Z,Andaman and Nicobar Islands,28.27,overcast clouds
2026-05-10T03:31:46.691Z,Andaman and Nicobar Islands,28.51,broken clouds
2026-05-10T06:34:34.774Z,Andaman and Nicobar Islands,29.51,broken clouds
2026-05-10T09:39:24.570Z,Andaman and Nicobar Islands,30.51,broken clouds
2026-05-10T11:00:56.360Z,Andaman and Nicobar Islands,30.18,overcast clouds
2026-05-10T13:23:15.689Z,Andaman and Nicobar Islands,30.02,overcast clouds
2026-05-10T14:55:15.240Z,Andaman and Nicobar Islands,29.51,haze
2026-05-10T16:58:09.596Z,Andaman and Nicobar Islands,29.78,overcast clouds
2026-05-10T19:07:21.349Z,Andaman and Nicobar Islands,29.55,overcast clouds
2026-05-10T20:51:29.778Z,Andaman and Nicobar Islands,29.28,overcast clouds
2026-05-10T22:51:16.089Z,Andaman and Nicobar Islands,29.18,overcast clouds
2026-05-11T03:42:54.835Z,Andaman and Nicobar Islands,28.51,broken clouds
2026-05-11T07:43:19.744Z,Andaman and Nicobar Islands,28.51,moderate rain
2026-05-11T11:25:04.259Z,Andaman and Nicobar Islands,30.11,overcast clouds
2026-05-11T14:58:02.911Z,Andaman and Nicobar Islands,25.51,thunderstorm
2026-05-11T17:55:44.547Z,Andaman and Nicobar Islands,25.51,overcast clouds
2026-05-11T19:51:14.975Z,Andaman and Nicobar Islands,25.51,mist
2026-05-11T21:19:34.808Z,Andaman and Nicobar Islands,28.4,overcast clouds
2026-05-11T22:56:27.702Z,Andaman and Nicobar Islands,28.13,overcast clouds
2026-05-12T03:30:02.065Z,Andaman and Nicobar Islands,29.51,broken clouds
2026-05-12T06:38:21.662Z,Andaman and Nicobar Islands,31.51,broken clouds
2026-05-12T10:33:20.112Z,Andaman and Nicobar Islands,27.51,drizzle
2026-05-12T14:29:45.680Z,Andaman and Nicobar Islands,27.51,mist
2026-05-12T18:01:03.939Z,Andaman and Nicobar Islands,26.51,drizzle
2026-05-12T21:21:39.368Z,Andaman and Nicobar Islands,27.77,overcast clouds
2026-05-12T23:04:26.204Z,Andaman and Nicobar Islands,27.91,light rain
2026-05-13T03:37:33.788Z,Andaman and Nicobar Islands,28.51,heavy intensity rain
2026-05-13T06:49:28.563Z,Andaman and Nicobar Islands,30.51,drizzle
2026-05-13T10:30:00.777Z,Andaman and Nicobar Islands,28.51,broken clouds
2026-05-13T14:39:06.371Z,Andaman and Nicobar Islands,25.51,moderate rain
2026-05-13T18:03:33.405Z,Andaman and Nicobar Islands,28.17,overcast clouds
2026-05-13T21:27:02.656Z,Andaman and Nicobar Islands,27.79,overcast clouds
2026-05-13T23:06:13.494Z,Andaman and Nicobar Islands,26.97,overcast clouds
2026-05-14T03:36:55.140Z,Andaman and Nicobar Islands,30.51,broken clouds
2026-05-14T06:47:23.495Z,Andaman and Nicobar Islands,30.51,broken clouds
2026-05-14T10:20:19.614Z,Andaman and Nicobar Islands,29.51,broken clouds
2026-05-14T14:19:24.809Z,Andaman and Nicobar Islands,28.42,light rain
2026-05-14T17:52:25.304Z,Andaman and Nicobar Islands,26.51,mist
2026-05-14T19:48:25.250Z,Andaman and Nicobar Islands,27.44,overcast clouds
2026-05-14T21:12:01.067Z,Andaman and Nicobar Islands,27.05,light rain
2026-05-14T22:58:18.825Z,Andaman and Nicobar Islands,26.69,light rain
2026-05-15T03:40:17.850Z,Andaman and Nicobar Islands,29.51,broken clouds
2026-05-15T06:56:40.095Z,Andaman and Nicobar Islands,30.51,broken clouds
2026-05-15T10:26:04.641Z,Andaman and Nicobar Islands,30.51,broken clouds
2026-05-15T14:10:55.206Z,Andaman and Nicobar Islands,27.9,overcast clouds
2026-05-15T17:40:06.681Z,Andaman and Nicobar Islands,26.51,mist
2026-05-15T19:41:13.636Z,Andaman and Nicobar Islands,26.51,mist
2026-05-15T21:03:36.970Z,Andaman and Nicobar Islands,26.51,mist
2026-05-15T22:56:28.029Z,Andaman and Nicobar Islands,26.51,mist
2026-05-16T03:24:30.415Z,Andaman and Nicobar Islands,26.51,broken clouds
2026-05-16T06:23:29.730Z,Andaman and Nicobar Islands,27.51,overcast clouds
2026-05-16T09:42:20.518Z,Andaman and Nicobar Islands,30.51,overcast clouds
2026-05-16T11:03:10.101Z,Andaman and Nicobar Islands,29.2,overcast clouds
2026-05-16T13:26:45.128Z,Andaman and Nicobar Islands,28.51,overcast clouds
2026-05-16T14:58:06.840Z,Andaman and Nicobar Islands,29.11,overcast clouds
2026-05-16T17:00:12.112Z,Andaman and Nicobar Islands,28.48,overcast clouds
2026-05-16T19:07:54.205Z,Andaman and Nicobar Islands,28.6,overcast clouds
2026-05-16T20:51:51.341Z,Andaman and Nicobar Islands,28.62,overcast clouds
2026-05-16T22:49:11.202Z,Andaman and Nicobar Islands,28.7,overcast clouds
2026-05-17T03:38:55.584Z,Andaman and Nicobar Islands,26.63,heavy intensity rain
2026-05-17T06:46:17.885Z,Andaman and Nicobar Islands,26.45,overcast clouds
2026-05-17T09:48:07.048Z,Andaman and Nicobar Islands,24.51,drizzle
2026-05-17T11:08:48.417Z,Andaman and Nicobar Islands,26.66,overcast clouds
2026-05-17T13:24:54.621Z,Andaman and Nicobar Islands,26.68,overcast clouds
2026-05-17T14:58:25.974Z,Andaman and Nicobar Islands,27.53,overcast clouds
2026-05-17T16:58:42.359Z,Andaman and Nicobar Islands,24.51,overcast clouds
2026-05-17T19:12:21.515Z,Andaman and Nicobar Islands,27.99,overcast clouds
2026-05-17T20:55:33.317Z,Andaman and Nicobar Islands,24.51,mist
2026-05-17T22:54:49.885Z,Andaman and Nicobar Islands,28.52,overcast clouds
2026-05-18T03:53:38.435Z,Andaman and Nicobar Islands,30.51,scattered clouds
2026-05-18T08:05:55.126Z,Andaman and Nicobar Islands,30.51,scattered clouds
2026-05-18T13:48:33.305Z,Andaman and Nicobar Islands,28.91,overcast clouds
2026-05-18T16:47:55.405Z,Andaman and Nicobar Islands,26.51,broken clouds
2026-05-18T19:49:44.190Z,Andaman and Nicobar Islands,26.51,mist
2026-05-18T21:14:20.666Z,Andaman and Nicobar Islands,28.73,overcast clouds
2026-05-18T23:04:07.313Z,Andaman and Nicobar Islands,28.59,overcast clouds
2026-05-19T03:45:43.027Z,Andaman and Nicobar Islands,29.94,overcast clouds
2026-05-19T07:49:13.423Z,Andaman and Nicobar Islands,30.13,scattered clouds
2026-05-19T11:20:32.698Z,Andaman and Nicobar Islands,29.51,broken clouds
2026-05-19T15:28:32.148Z,Andaman and Nicobar Islands,28.51,mist
2026-05-19T18:07:23.577Z,Andaman and Nicobar Islands,28.44,overcast clouds
2026-05-19T21:21:05.958Z,Andaman and Nicobar Islands,28.47,overcast clouds
2026-05-19T23:04:00.301Z,Andaman and Nicobar Islands,27.51,mist
2026-05-20T03:46:04.038Z,Andaman and Nicobar Islands,31.51,scattered clouds
2026-05-20T07:46:37.401Z,Andaman and Nicobar Islands,31.51,scattered clouds
2026-05-20T10:52:08.661Z,Andaman and Nicobar Islands,29.51,broken clouds
2026-05-20T15:26:25.170Z,Andaman and Nicobar Islands,28.46,few clouds
2026-05-20T18:20:31.783Z,Andaman and Nicobar Islands,28.51,mist
2026-05-20T21:56:55.476Z,Andaman and Nicobar Islands,28.31,overcast clouds
2026-05-20T23:18:48.967Z,Andaman and Nicobar Islands,28.33,overcast clouds
2026-05-21T03:56:43.741Z,Andaman and Nicobar Islands,30.51,broken clouds
2026-05-21T07:58:22.825Z,Andaman and Nicobar Islands,29.66,moderate rain
2026-05-21T11:33:45.382Z,Andaman and Nicobar Islands,28.5,overcast clouds
2026-05-21T15:32:26.062Z,Andaman and Nicobar Islands,28.57,overcast clouds
2026-05-21T18:00:54.255Z,Andaman and Nicobar Islands,26.51,mist
2026-05-21T21:27:58.418Z,Andaman and Nicobar Islands,28.41,light rain
2026-05-21T23:04:25.206Z,Andaman and Nicobar Islands,28.31,overcast clouds
2026-05-22T03:52:55.363Z,Andaman and Nicobar Islands,29.51,broken clouds
2026-05-22T07:47:31.348Z,Andaman and Nicobar Islands,26.99,overcast clouds
2026-05-22T10:52:24.144Z,Andaman and Nicobar Islands,27.26,overcast clouds
2026-05-22T14:43:09.009Z,Andaman and Nicobar Islands,25.93,overcast clouds
2026-05-22T17:53:32.100Z,Andaman and Nicobar Islands,25.93,overcast clouds
2026-05-22T19:49:26.049Z,Andaman and Nicobar Islands,26.95,overcast clouds
2026-05-22T21:12:50.015Z,Andaman and Nicobar Islands,26.79,overcast clouds
2026-05-22T23:01:44.547Z,Andaman and Nicobar Islands,26.96,overcast clouds
2026-05-23T03:29:07.148Z,Andaman and Nicobar Islands,28.94,overcast clouds
2026-05-23T06:34:36.748Z,Andaman and Nicobar Islands,29.6,broken clouds
2026-05-23T09:55:19.440Z,Andaman and Nicobar Islands,29.74,broken clouds
2026-05-23T11:13:52.594Z,Andaman and Nicobar Islands,29.51,broken clouds
2026-05-23T13:39:19.275Z,Andaman and Nicobar Islands,27.51,haze
2026-05-23T15:02:27.091Z,Andaman and Nicobar Islands,27.51,mist
2026-05-23T17:01:44.616Z,Andaman and Nicobar Islands,27.51,mist
2026-05-23T19:13:15.006Z,Andaman and Nicobar Islands,28.32,overcast clouds
2026-05-23T20:55:42.785Z,Andaman and Nicobar Islands,28.09,overcast clouds
2026-05-23T22:54:47.770Z,Andaman and Nicobar Islands,27.89,broken clouds
2026-05-24T03:50:34.260Z,Andaman and Nicobar Islands,31.51,broken clouds
2026-05-24T07:21:47.014Z,Andaman and Nicobar Islands,31.51,broken clouds
2026-05-24T09:56:29.616Z,Andaman and Nicobar Islands,27.51,broken clouds
2026-05-24T11:19:43.579Z,Andaman and Nicobar Islands,29.51,broken clouds
2026-05-24T13:39:58.056Z,Andaman and Nicobar Islands,28.5,light rain
2026-05-24T15:05:34.692Z,Andaman and Nicobar Islands,28.45,overcast clouds
2026-05-24T17:04:09.404Z,Andaman and Nicobar Islands,28.35,overcast clouds
2026-05-24T19:19:50.768Z,Andaman and Nicobar Islands,28.56,overcast clouds
2026-05-24T20:58:20.401Z,Andaman and Nicobar Islands,28.43,light rain
2026-05-24T22:58:59.333Z,Andaman and Nicobar Islands,28.37,moderate rain
2026-05-25T04:02:06.198Z,Andaman and Nicobar Islands,29.95,overcast clouds
2026-05-25T10:10:57.078Z,Andaman and Nicobar Islands,29.51,broken clouds
2026-05-25T14:56:40.255Z,Andaman and Nicobar Islands,27.51,mist
2026-05-25T17:45:25.711Z,Andaman and Nicobar Islands,28.6,light rain
2026-05-25T19:43:17.504Z,Andaman and Nicobar Islands,28.44,overcast clouds
2026-05-25T21:10:20.910Z,Andaman and Nicobar Islands,28.22,overcast clouds
2026-05-25T23:04:59.813Z,Andaman and Nicobar Islands,28.05,overcast clouds
2026-05-26T03:45:58.099Z,Andaman and Nicobar Islands,28.84,overcast clouds
2026-05-26T07:51:45.936Z,Andaman and Nicobar Islands,28.51,mist
2026-05-26T15:36:46.781Z,Andaman and Nicobar Islands,25.59,overcast clouds
2026-05-26T18:28:01.366Z,Andaman and Nicobar Islands,26.51,mist
2026-05-26T21:46:30.644Z,Andaman and Nicobar Islands,27.16,overcast clouds
2026-05-26T23:11:04.005Z,Andaman and Nicobar Islands,27.31,overcast clouds
2026-05-27T04:01:15.638Z,Andaman and Nicobar Islands,29.51,scattered clouds
2026-05-27T09:58:13.664Z,Andaman and Nicobar Islands,29.15,overcast clouds
2026-05-27T12:57:17.410Z,Andaman and Nicobar Islands,28.51,haze
2026-05-27T17:19:37.402Z,Andaman and Nicobar Islands,28.25,overcast clouds
2026-05-27T20:20:49.106Z,Andaman and Nicobar Islands,28.21,overcast clouds
2026-05-27T23:18:11.917Z,Andaman and Nicobar Islands,27.96,overcast clouds
2026-05-28T03:50:09.410Z,Andaman and Nicobar Islands,28.84,overcast clouds
2026-05-28T08:01:28.317Z,Andaman and Nicobar Islands,30.51,scattered clouds
2026-05-28T13:53:34.888Z,Andaman and Nicobar Islands,28.22,overcast clouds
2026-05-28T17:34:36.193Z,Andaman and Nicobar Islands,27.68,overcast clouds
2026-05-28T20:25:53.683Z,Andaman and Nicobar Islands,27.59,scattered clouds
2026-05-28T23:19:03.828Z,Andaman and Nicobar Islands,27.5,broken clouds
2026-05-29T03:51:38.255Z,Andaman and Nicobar Islands,29.9,broken clouds
2026-05-29T07:59:22.198Z,Andaman and Nicobar Islands,31.51,scattered clouds
2026-05-29T11:37:12.132Z,Andaman and Nicobar Islands,29.51,scattered clouds
2026-05-29T15:39:28.613Z,Andaman and Nicobar Islands,27.71,broken clouds
2026-05-29T18:35:11.328Z,Andaman and Nicobar Islands,26.51,mist
2026-05-29T21:52:33.330Z,Andaman and Nicobar Islands,27.91,overcast clouds
2026-05-29T23:14:29.604Z,Andaman and Nicobar Islands,27.76,overcast clouds
2026-05-30T03:37:00.618Z,Andaman and Nicobar Islands,29.51,scattered clouds
2026-05-30T06:47:09.059Z,Andaman and Nicobar Islands,31.51,scattered clouds
2026-05-30T10:02:09.186Z,Andaman and Nicobar Islands,28.51,scattered clouds
2026-05-30T13:43:06.551Z,Andaman and Nicobar Islands,28.4,broken clouds
2026-05-30T15:09:36.325Z,Andaman and Nicobar Islands,28.33,scattered clouds
2026-05-30T17:08:34.116Z,Andaman and Nicobar Islands,28.1,broken clouds
2026-05-30T19:19:20.110Z,Andaman and Nicobar Islands,28.21,overcast clouds
2026-05-30T21:00:37.222Z,Andaman and Nicobar Islands,28.36,overcast clouds
2026-05-30T22:58:38.601Z,Andaman and Nicobar Islands,28.31,overcast clouds
2026-05-31T04:02:56.676Z,Andaman and Nicobar Islands,29.51,scattered clouds
2026-05-31T08:48:13.498Z,Andaman and Nicobar Islands,25.51,broken clouds
2026-05-31T11:41:05.444Z,Andaman and Nicobar Islands,28.24,overcast clouds
2026-05-31T13:48:16.643Z,Andaman and Nicobar Islands,27.51,mist
2026-05-31T15:17:44.657Z,Andaman and Nicobar Islands,28.38,overcast clouds
2026-05-31T17:08:32.982Z,Andaman and Nicobar Islands,28.26,overcast clouds
2026-05-31T19:19:50.245Z,Andaman and Nicobar Islands,27.94,overcast clouds
2026-05-31T21:01:32.090Z,Andaman and Nicobar Islands,28.16,overcast clouds
2026-05-31T23:01:30.631Z,Andaman and Nicobar Islands,28.14,overcast clouds
2026-06-01T04:17:13.587Z,Andaman and Nicobar Islands,29.51,broken clouds
2026-06-01T11:38:56.833Z,Andaman and Nicobar Islands,27.51,broken clouds
2026-06-01T17:44:03.635Z,Andaman and Nicobar Islands,28.03,overcast clouds
2026-06-01T21:35:00.631Z,Andaman and Nicobar Islands,27.92,overcast clouds
2026-06-01T23:28:02.885Z,Andaman and Nicobar Islands,27.98,overcast clouds
2026-06-02T04:10:31.276Z,Andaman and Nicobar Islands,27.51,drizzle
2026-06-02T10:27:34.660Z,Andaman and Nicobar Islands,27.51,mist
2026-06-02T16:36:19.352Z,Andaman and Nicobar Islands,27.93,broken clouds
2026-06-02T20:51:31.640Z,Andaman and Nicobar Islands,27.84,overcast clouds
2026-06-02T23:47:01.047Z,Andaman and Nicobar Islands,27.44,overcast clouds
2026-06-03T04:20:27.437Z,Andaman and Nicobar Islands,26.73,light rain
2026-06-03T11:02:55.766Z,Andaman and Nicobar Islands,26.62,overcast clouds
2026-06-03T16:52:57.093Z,Andaman and Nicobar Islands,27.68,light rain
2026-06-03T20:57:27.968Z,Andaman and Nicobar Islands,27.89,light rain
2026-06-03T23:45:11.665Z,Andaman and Nicobar Islands,26.87,overcast clouds
2026-06-04T04:14:37.954Z,Andaman and Nicobar Islands,28.17,light rain
2026-06-04T09:58:20.326Z,Andaman and Nicobar Islands,28.31,overcast clouds
2026-06-04T12:49:28.463Z,Andaman and Nicobar Islands,27.92,overcast clouds
2026-06-04T16:54:48.205Z,Andaman and Nicobar Islands,27.67,overcast clouds
2026-06-04T20:07:51.968Z,Andaman and Nicobar Islands,27.09,light rain
2026-06-04T23:10:27.727Z,Andaman and Nicobar Islands,27.16,moderate rain
2026-06-05T03:58:47.199Z,Andaman and Nicobar Islands,28.21,moderate rain
2026-06-05T08:13:30.933Z,Andaman and Nicobar Islands,28,moderate rain
2026-06-05T12:39:49.722Z,Andaman and Nicobar Islands,26.19,overcast clouds
2026-06-05T16:30:12.157Z,Andaman and Nicobar Islands,26.83,overcast clouds
2026-06-05T19:57:27.029Z,Andaman and Nicobar Islands,27.62,overcast clouds
2026-06-05T21:40:11.290Z,Andaman and Nicobar Islands,27.78,light rain
2026-06-05T23:11:31.921Z,Andaman and Nicobar Islands,28.04,heavy intensity rain
2026-06-06T03:40:31.802Z,Andaman and Nicobar Islands,29.29,overcast clouds
2026-06-06T06:54:17.907Z,Andaman and Nicobar Islands,29.46,light rain
2026-06-06T10:05:45.219Z,Andaman and Nicobar Islands,29.3,overcast clouds
2026-06-06T13:47:44.129Z,Andaman and Nicobar Islands,28.44,overcast clouds
2026-06-06T15:17:41.623Z,Andaman and Nicobar Islands,28.3,overcast clouds
2026-06-06T17:17:04.728Z,Andaman and Nicobar Islands,28.03,overcast clouds
2026-06-06T19:26:15.644Z,Andaman and Nicobar Islands,28.21,overcast clouds
2026-06-06T21:06:59.144Z,Andaman and Nicobar Islands,28.27,overcast clouds
2026-06-06T23:05:32.447Z,Andaman and Nicobar Islands,28.28,overcast clouds
2026-06-07T04:08:41.161Z,Andaman and Nicobar Islands,29.38,overcast clouds
2026-06-07T09:15:30.487Z,Andaman and Nicobar Islands,29.26,light rain
2026-06-07T11:49:33.095Z,Andaman and Nicobar Islands,28.6,overcast clouds
2026-06-07T13:57:05.434Z,Andaman and Nicobar Islands,28.62,overcast clouds
2026-06-07T15:26:35.362Z,Andaman and Nicobar Islands,28.64,overcast clouds
2026-06-07T17:19:12.825Z,Andaman and Nicobar Islands,28.52,overcast clouds
2026-06-07T19:25:41.922Z,Andaman and Nicobar Islands,28.31,overcast clouds
2026-06-07T21:15:44.378Z,Andaman and Nicobar Islands,28.23,overcast clouds
2026-06-07T23:07:11.838Z,Andaman and Nicobar Islands,28.14,overcast clouds
2026-06-08T04:12:49.962Z,Andaman and Nicobar Islands,29.48,overcast clouds
2026-06-08T10:59:56.424Z,Andaman and Nicobar Islands,29.01,overcast clouds
2026-06-08T15:56:16.484Z,Andaman and Nicobar Islands,28.41,broken clouds
2026-06-08T18:28:04.299Z,Andaman and Nicobar Islands,28.42,broken clouds
2026-06-08T21:50:57.788Z,Andaman and Nicobar Islands,28.14,overcast clouds
2026-06-08T23:12:14.449Z,Andaman and Nicobar Islands,28.18,overcast clouds
2026-06-09T03:41:38.065Z,Andaman and Nicobar Islands,29.46,overcast clouds
2026-06-09T07:51:34.753Z,Andaman and Nicobar Islands,29.66,broken clouds
2026-06-09T11:17:28.507Z,Andaman and Nicobar Islands,29.01,broken clouds
2026-06-09T14:55:31.526Z,Andaman and Nicobar Islands,28.53,broken clouds
2026-06-09T18:07:38.706Z,Andaman and Nicobar Islands,28.34,broken clouds
2026-06-09T21:48:45.729Z,Andaman and Nicobar Islands,28.24,overcast clouds
2026-06-09T23:17:30.037Z,Andaman and Nicobar Islands,28.19,overcast clouds
2026-06-10T03:55:54.263Z,Andaman and Nicobar Islands,28.55,moderate rain
2026-06-10T08:10:50.162Z,Andaman and Nicobar Islands,28.56,overcast clouds
2026-06-10T12:57:55.286Z,Andaman and Nicobar Islands,28.2,overcast clouds
2026-06-10T17:21:54.747Z,Andaman and Nicobar Islands,28.48,light rain
2026-06-10T20:32:35.914Z,Andaman and Nicobar Islands,28.06,very heavy rain
2026-06-10T23:26:19.941Z,Andaman and Nicobar Islands,28,very heavy rain
2026-06-11T04:09:45.592Z,Andaman and Nicobar Islands,28.17,overcast clouds
2026-06-11T10:39:18.871Z,Andaman and Nicobar Islands,28.49,light rain
2026-06-11T16:05:30.249Z,Andaman and Nicobar Islands,28.14,overcast clouds
2026-06-11T20:24:16.854Z,Andaman and Nicobar Islands,27.75,overcast clouds
2026-06-11T23:24:01.854Z,Andaman and Nicobar Islands,27.79,moderate rain
2026-06-12T04:10:59.788Z,Andaman and Nicobar Islands,28.87,overcast clouds
2026-06-12T10:16:45.209Z,Andaman and Nicobar Islands,28.58,overcast clouds
2026-06-12T15:19:07.575Z,Andaman and Nicobar Islands,28.32,overcast clouds
2026-06-12T18:08:23.186Z,Andaman and Nicobar Islands,27.95,overcast clouds
2026-06-12T21:47:26.894Z,Andaman and Nicobar Islands,27.99,overcast clouds
2026-06-12T23:18:58.851Z,Andaman and Nicobar Islands,27.98,overcast clouds
2026-06-13T03:58:30.465Z,Andaman and Nicobar Islands,29.4,overcast clouds
2026-06-13T07:53:42.284Z,Andaman and Nicobar Islands,29.81,broken clouds
2026-06-13T10:31:10.234Z,Andaman and Nicobar Islands,29.19,broken clouds
2026-06-13T14:03:30.321Z,Andaman and Nicobar Islands,28.21,scattered clouds
2026-06-13T17:24:50.744Z,Andaman and Nicobar Islands,28.15,broken clouds
2026-06-13T19:39:08.754Z,Andaman and Nicobar Islands,27.99,overcast clouds
2026-06-13T21:18:32.898Z,Andaman and Nicobar Islands,27.98,overcast clouds
2026-06-13T23:07:24.256Z,Andaman and Nicobar Islands,27.91,overcast clouds
2026-06-14T04:17:22.118Z,Andaman and Nicobar Islands,29.24,overcast clouds
2026-06-14T09:37:41.638Z,Andaman and Nicobar Islands,28.77,overcast clouds
2026-06-14T11:58:21.036Z,Andaman and Nicobar Islands,28.42,overcast clouds
2026-06-14T14:21:59.928Z,Andaman and Nicobar Islands,28.48,overcast clouds
2026-06-14T17:21:52.971Z,Andaman and Nicobar Islands,28.17,overcast clouds
2026-06-14T19:39:12.764Z,Andaman and Nicobar Islands,27.99,overcast clouds
2026-06-14T21:14:38.714Z,Andaman and Nicobar Islands,27.99,overcast clouds
2026-06-14T23:10:21.725Z,Andaman and Nicobar Islands,27.95,overcast clouds
2026-06-15T04:28:11.695Z,Andaman and Nicobar Islands,29.13,overcast clouds
2026-06-15T12:18:48.414Z,Andaman and Nicobar Islands,28.27,overcast clouds
2026-06-15T18:28:09.702Z,Andaman and Nicobar Islands,27.99,overcast clouds
2026-06-15T22:20:48.145Z,Andaman and Nicobar Islands,27.79,overcast clouds
2026-06-16T04:24:40.512Z,Andaman and Nicobar Islands,29.1,overcast clouds
2026-06-16T11:13:55.338Z,Andaman and Nicobar Islands,28.76,overcast clouds
2026-06-16T16:57:09.070Z,Andaman and Nicobar Islands,27.98,overcast clouds
2026-06-16T20:53:32.980Z,Andaman and Nicobar Islands,27.5,overcast clouds
2026-06-16T23:24:28.866Z,Andaman and Nicobar Islands,27.5,overcast clouds
2026-06-17T04:18:42.695Z,Andaman and Nicobar Islands,29.01,overcast clouds
2026-06-17T10:59:55.358Z,Andaman and Nicobar Islands,28.77,overcast clouds
2026-06-17T15:36:54.977Z,Andaman and Nicobar Islands,28.21,broken clouds
2026-06-17T18:20:24.606Z,Andaman and Nicobar Islands,27.86,broken clouds
2026-06-17T22:01:36.013Z,Andaman and Nicobar Islands,27.75,overcast clouds
2026-06-18T04:11:06.222Z,Andaman and Nicobar Islands,29.05,broken clouds
2026-06-18T10:23:26.561Z,Andaman and Nicobar Islands,29.19,overcast clouds
2026-06-18T15:29:30.308Z,Andaman and Nicobar Islands,28.24,broken clouds
2026-06-18T18:26:31.087Z,Andaman and Nicobar Islands,28.1,broken clouds
2026-06-18T22:10:50.140Z,Andaman and Nicobar Islands,27.83,scattered clouds
2026-06-19T04:39:50.388Z,Andaman and Nicobar Islands,29.53,overcast clouds
2026-06-19T10:39:36.779Z,Andaman and Nicobar Islands,28.96,broken clouds
2026-06-19T15:23:03.269Z,Andaman and Nicobar Islands,28.26,broken clouds
2026-06-19T18:00:32.562Z,Andaman and Nicobar Islands,28.07,broken clouds
2026-06-19T21:11:10.474Z,Andaman and Nicobar Islands,28.02,overcast clouds
2026-06-19T22:59:51.240Z,Andaman and Nicobar Islands,27.69,overcast clouds
2026-06-20T03:53:19.096Z,Andaman and Nicobar Islands,29.56,broken clouds
2026-06-20T07:51:55.080Z,Andaman and Nicobar Islands,29.67,overcast clouds
2026-06-20T10:33:49.658Z,Andaman and Nicobar Islands,29.28,overcast clouds
2026-06-20T14:08:01.512Z,Andaman and Nicobar Islands,28.36,overcast clouds
2026-06-20T17:27:15.794Z,Andaman and Nicobar Islands,28.12,overcast clouds
2026-06-20T19:39:42.331Z,Andaman and Nicobar Islands,27.89,overcast clouds
2026-06-20T21:19:15.770Z,Andaman and Nicobar Islands,27.93,overcast clouds
2026-06-20T23:10:44.082Z,Andaman and Nicobar Islands,27.96,overcast clouds
2026-06-21T04:23:49.794Z,Andaman and Nicobar Islands,29.52,overcast clouds
2026-06-21T09:52:45.398Z,Andaman and Nicobar Islands,29.11,overcast clouds
2026-06-21T12:10:57.250Z,Andaman and Nicobar Islands,28.65,overcast clouds
2026-06-21T15:53:41.960Z,Andaman and Nicobar Islands,27.7,overcast clouds
2026-06-21T17:40:47.256Z,Andaman and Nicobar Islands,28.16,overcast clouds
2026-06-21T19:44:53.058Z,Andaman and Nicobar Islands,27.9,overcast clouds
2026-06-21T21:16:23.401Z,Andaman and Nicobar Islands,27.96,overcast clouds
2026-06-21T23:15:57.567Z,Andaman and Nicobar Islands,27.96,broken clouds
2026-06-22T04:27:11.642Z,Andaman and Nicobar Islands,29.53,overcast clouds
2026-06-22T12:07:51.634Z,Andaman and Nicobar Islands,28.68,overcast clouds
2026-06-22T18:12:19.200Z,Andaman and Nicobar Islands,28.09,overcast clouds
2026-06-22T22:04:11.367Z,Andaman and Nicobar Islands,27.9,overcast clouds
2026-06-23T03:44:09.715Z,Andaman and Nicobar Islands,29.6,overcast clouds
2026-06-23T07:51:14.774Z,Andaman and Nicobar Islands,29.59,scattered clouds
2026-06-23T11:18:58.689Z,Andaman and Nicobar Islands,29.08,scattered clouds
2026-06-23T14:52:54.868Z,Andaman and Nicobar Islands,28.56,clear sky
2026-06-23T17:58:03.310Z,Andaman and Nicobar Islands,28.36,clear sky
2026-06-23T20:17:22.301Z,Andaman and Nicobar Islands,28.19,few clouds
2026-06-23T23:09:45.810Z,Andaman and Nicobar Islands,28.04,scattered clouds
2026-06-24T03:47:21.721Z,Andaman and Nicobar Islands,29.79,few clouds
2026-06-24T07:42:26.104Z,Andaman and Nicobar Islands,29.99,scattered clouds
2026-06-24T10:51:51.786Z,Andaman and Nicobar Islands,29.14,scattered clouds
2026-06-24T14:34:55.887Z,Andaman and Nicobar Islands,28.45,scattered clouds
2026-06-24T17:55:39.230Z,Andaman and Nicobar Islands,28.24,broken clouds
2026-06-24T19:50:19.518Z,Andaman and Nicobar Islands,28.22,overcast clouds
2026-06-24T21:24:22.947Z,Andaman and Nicobar Islands,28.17,overcast clouds
2026-06-24T23:04:56.336Z,Andaman and Nicobar Islands,28.21,overcast clouds
2026-06-25T03:46:12.134Z,Andaman and Nicobar Islands,29.23,overcast clouds
2026-06-25T07:46:23.843Z,Andaman and Nicobar Islands,29.24,overcast clouds
2026-06-25T10:43:47.270Z,Andaman and Nicobar Islands,28.75,overcast clouds
2026-06-25T14:36:30.439Z,Andaman and Nicobar Islands,28.41,overcast clouds
2026-06-25T18:11:09.281Z,Andaman and Nicobar Islands,27.76,overcast clouds
2026-06-25T21:44:40.003Z,Andaman and Nicobar Islands,27.85,overcast clouds
2026-06-25T23:19:58.054Z,Andaman and Nicobar Islands,27.92,overcast clouds
2026-06-26T03:54:59.345Z,Andaman and Nicobar Islands,29.61,broken clouds
2026-06-26T07:55:44.989Z,Andaman and Nicobar Islands,29.54,few clouds
2026-06-26T10:54:13.615Z,Andaman and Nicobar Islands,28.91,scattered clouds
2026-06-26T14:28:23.980Z,Andaman and Nicobar Islands,28.35,overcast clouds
2026-06-26T17:49:28.134Z,Andaman and Nicobar Islands,28.17,overcast clouds
2026-06-26T19:50:32.149Z,Andaman and Nicobar Islands,27.91,overcast clouds
2026-06-26T21:20:21.287Z,Andaman and Nicobar Islands,28.05,overcast clouds
2026-06-26T23:07:32.016Z,Andaman and Nicobar Islands,28.18,overcast clouds
2026-06-27T03:37:56.240Z,Andaman and Nicobar Islands,29.39,overcast clouds
2026-06-27T06:53:18.097Z,Andaman and Nicobar Islands,29.9,broken clouds
2026-06-27T10:10:55.911Z,Andaman and Nicobar Islands,29.34,overcast clouds
2026-06-27T13:46:36.184Z,Andaman and Nicobar Islands,28.17,overcast clouds
2026-06-27T15:16:24.379Z,Andaman and Nicobar Islands,28.24,overcast clouds
2026-06-27T17:12:18.715Z,Andaman and Nicobar Islands,28.16,overcast clouds
2026-06-27T19:23:10.066Z,Andaman and Nicobar Islands,28.07,overcast clouds
2026-06-27T21:05:23.084Z,Andaman and Nicobar Islands,28.07,light rain
2026-06-27T23:03:42.651Z,Andaman and Nicobar Islands,28.16,overcast clouds
2026-06-28T04:01:01.540Z,Andaman and Nicobar Islands,26.37,overcast clouds
2026-06-28T08:54:49.457Z,Andaman and Nicobar Islands,27.05,light rain
2026-06-28T11:47:30.019Z,Andaman and Nicobar Islands,27.52,overcast clouds
2026-06-28T13:50:09.428Z,Andaman and Nicobar Islands,27.25,overcast clouds
2026-06-28T15:18:58.912Z,Andaman and Nicobar Islands,27.57,overcast clouds
2026-06-28T17:14:39.164Z,Andaman and Nicobar Islands,27.85,overcast clouds
2026-06-28T19:23:21.494Z,Andaman and Nicobar Islands,27.9,overcast clouds
2026-06-28T21:03:10.402Z,Andaman and Nicobar Islands,27.52,overcast clouds
2026-06-28T23:04:15.449Z,Andaman and Nicobar Islands,27.8,overcast clouds
2026-06-29T04:07:45.581Z,Andaman and Nicobar Islands,28.71,overcast clouds
2026-06-29T11:03:24.850Z,Andaman and Nicobar Islands,27.43,overcast clouds
2026-06-29T15:50:17.739Z,Andaman and Nicobar Islands,27.85,overcast clouds
2026-06-29T18:09:14.564Z,Andaman and Nicobar Islands,27.84,overcast clouds
2026-06-29T21:27:10.697Z,Andaman and Nicobar Islands,27.87,overcast clouds
2026-06-29T22:59:54.733Z,Andaman and Nicobar Islands,27.87,overcast clouds
2026-06-30T03:51:14.623Z,Andaman and Nicobar Islands,28.32,broken clouds
2026-06-30T07:55:07.155Z,Andaman and Nicobar Islands,28.57,overcast clouds
2026-06-30T10:58:19.672Z,Andaman and Nicobar Islands,28.14,overcast clouds
2026-06-30T14:23:09.069Z,Andaman and Nicobar Islands,28.08,overcast clouds
2026-06-30T17:56:40.843Z,Andaman and Nicobar Islands,27.78,overcast clouds
2026-06-30T20:05:51.012Z,Andaman and Nicobar Islands,27.82,overcast clouds
2026-06-30T23:15:03.717Z,Andaman and Nicobar Islands,27.93,overcast clouds
2026-07-01T04:05:03.564Z,Andaman and Nicobar Islands,28.14,overcast clouds
2026-07-01T09:50:57.039Z,Andaman and Nicobar Islands,26.91,overcast clouds
2026-07-01T12:34:38.024Z,Andaman and Nicobar Islands,25.76,overcast clouds
2026-07-01T16:27:30.141Z,Andaman and Nicobar Islands,26.14,light rain
2026-07-01T19:58:27.938Z,Andaman and Nicobar Islands,26.78,moderate rain
2026-07-01T21:43:10.176Z,Andaman and Nicobar Islands,27.23,moderate rain
2026-07-01T23:17:36.196Z,Andaman and Nicobar Islands,27.46,heavy intensity rain
2026-07-02T03:46:12.437Z,Andaman and Nicobar Islands,27.55,overcast clouds
2026-07-02T07:34:06.728Z,Andaman and Nicobar Islands,28.48,moderate rain
2026-07-02T10:42:08.921Z,Andaman and Nicobar Islands,27.53,light rain
2026-07-02T14:05:16.847Z,Andaman and Nicobar Islands,27.82,overcast clouds
2026-07-02T17:49:59.811Z,Andaman and Nicobar Islands,27.23,moderate rain
2026-07-02T19:26:30.625Z,Andaman and Nicobar Islands,27.48,heavy intensity rain
2026-07-02T21:09:04.516Z,Andaman and Nicobar Islands,27.3,moderate rain
2026-07-02T23:09:15.838Z,Andaman and Nicobar Islands,27.42,light rain
2026-07-03T03:26:53.995Z,Andaman and Nicobar Islands,28.17,light rain
2026-07-03T07:21:51.746Z,Andaman and Nicobar Islands,28.33,light rain
2026-07-03T10:37:34.068Z,Andaman and Nicobar Islands,27.29,overcast clouds
2026-07-03T14:09:22.111Z,Andaman and Nicobar Islands,27.98,overcast clouds
2026-07-03T17:27:14.081Z,Andaman and Nicobar Islands,27.93,overcast clouds
2026-07-03T19:25:17.077Z,Andaman and Nicobar Islands,27.81,overcast clouds
2026-07-03T21:08:49.386Z,Andaman and Nicobar Islands,27.65,light rain
2026-07-03T23:05:43.873Z,Andaman and Nicobar Islands,27.4,overcast clouds
2026-07-04T03:20:13.852Z,Andaman and Nicobar Islands,28.02,light rain
2026-07-04T06:48:01.318Z,Andaman and Nicobar Islands,28.55,overcast clouds
2026-07-04T10:11:47.296Z,Andaman and Nicobar Islands,28.11,overcast clouds
2026-07-04T13:36:54.536Z,Andaman and Nicobar Islands,27.6,light rain
2026-07-04T15:06:26.909Z,Andaman and Nicobar Islands,27.64,light rain
2026-07-04T17:07:50.006Z,Andaman and Nicobar Islands,27.61,overcast clouds
2026-07-04T19:16:25.666Z,Andaman and Nicobar Islands,27.6,light rain
2026-07-04T20:59:17.224Z,Andaman and Nicobar Islands,27.71,light rain
2026-07-04T22:58:59.172Z,Andaman and Nicobar Islands,27.68,overcast clouds
2026-07-05T03:36:09.290Z,Andaman and Nicobar Islands,29,overcast clouds
2026-07-05T07:28:07.115Z,Andaman and Nicobar Islands,29.2,overcast clouds
2026-07-05T10:15:41.048Z,Andaman and Nicobar Islands,28.48,overcast clouds
2026-07-05T13:43:08.245Z,Andaman and Nicobar Islands,28.28,overcast clouds
2026-07-05T15:13:50.834Z,Andaman and Nicobar Islands,28.2,overcast clouds
2026-07-05T17:13:00.599Z,Andaman and Nicobar Islands,28.26,overcast clouds
2026-07-05T19:20:03.431Z,Andaman and Nicobar Islands,28.08,overcast clouds
2026-07-05T21:02:30.601Z,Andaman and Nicobar Islands,27.94,overcast clouds
2026-07-05T23:02:13.995Z,Andaman and Nicobar Islands,27.81,overcast clouds
2026-07-06T03:43:24.346Z,Andaman and Nicobar Islands,29.35,overcast clouds
2026-07-06T08:22:12.872Z,Andaman and Nicobar Islands,29.48,overcast clouds
2026-07-06T13:47:07.962Z,Andaman and Nicobar Islands,28.06,overcast clouds
2026-07-06T16:52:27.376Z,Andaman and Nicobar Islands,28.04,overcast clouds
2026-07-06T19:59:59.081Z,Andaman and Nicobar Islands,27.99,overcast clouds
2026-07-06T21:43:52.668Z,Andaman and Nicobar Islands,28.02,overcast clouds
2026-07-06T23:09:41.902Z,Andaman and Nicobar Islands,27.82,overcast clouds
2026-07-07T03:35:06.890Z,Andaman and Nicobar Islands,28.99,overcast clouds
2026-07-07T07:40:29.802Z,Andaman and Nicobar Islands,29.13,overcast clouds
2026-07-07T11:08:31.034Z,Andaman and Nicobar Islands,28.39,overcast clouds
2026-07-07T14:39:00.028Z,Andaman and Nicobar Islands,27.84,broken clouds
2026-07-07T18:01:07.448Z,Andaman and Nicobar Islands,27.69,broken clouds
2026-07-07T21:25:41.236Z,Andaman and Nicobar Islands,27.6,overcast clouds
2026-07-07T23:03:27.267Z,Andaman and Nicobar Islands,27.57,overcast clouds
2026-07-08T02:50:34.733Z,Andaman and Nicobar Islands,29.02,overcast clouds
2026-07-08T06:29:11.241Z,Andaman and Nicobar Islands,29.86,overcast clouds
2026-07-08T10:20:11.678Z,Andaman and Nicobar Islands,29.45,overcast clouds
2026-07-08T14:13:37.740Z,Andaman and Nicobar Islands,28.36,overcast clouds
2026-07-08T17:38:15.584Z,Andaman and Nicobar Islands,27.98,overcast clouds
2026-07-08T19:27:09.865Z,Andaman and Nicobar Islands,27.91,overcast clouds
2026-07-08T21:08:55.771Z,Andaman and Nicobar Islands,27.91,overcast clouds
2026-07-08T23:09:26.553Z,Andaman and Nicobar Islands,27.91,overcast clouds
2026-07-09T03:28:27.805Z,Andaman and Nicobar Islands,29.2,overcast clouds
2026-07-09T07:37:46.969Z,Andaman and Nicobar Islands,29.69,scattered clouds
2026-07-09T10:55:48.230Z,Andaman and Nicobar Islands,29,broken clouds
2026-07-09T15:13:13.098Z,Andaman and Nicobar Islands,28.2,scattered clouds
2026-07-09T17:57:19.337Z,Andaman and Nicobar Islands,27.71,scattered clouds
2026-07-09T19:56:57.414Z,Andaman and Nicobar Islands,27.55,broken clouds
2026-07-09T21:26:55.012Z,Andaman and Nicobar Islands,27.47,broken clouds
2026-07-09T23:13:14.932Z,Andaman and Nicobar Islands,27.59,scattered clouds
2026-07-10T03:30:42.596Z,Andaman and Nicobar Islands,29.2,scattered clouds
2026-07-10T07:37:17.066Z,Andaman and Nicobar Islands,29.43,scattered clouds
2026-07-10T10:56:03.784Z,Andaman and Nicobar Islands,28.8,scattered clouds
2026-07-10T14:30:22.163Z,Andaman and Nicobar Islands,28.06,broken clouds
2026-07-10T17:48:12.668Z,Andaman and Nicobar Islands,27.74,broken clouds
2026-07-10T19:35:18.841Z,Andaman and Nicobar Islands,27.8,overcast clouds
2026-07-10T21:06:36.902Z,Andaman and Nicobar Islands,27.88,overcast clouds
2026-07-10T22:59:44.063Z,Andaman and Nicobar Islands,27.97,overcast clouds
2026-07-11T02:46:33.763Z,Andaman and Nicobar Islands,28.77,overcast clouds
2026-07-11T06:14:40.700Z,Andaman and Nicobar Islands,29.24,broken clouds
2026-07-11T09:38:44.631Z,Andaman and Nicobar Islands,28.78,broken clouds
2026-07-11T11:06:45.712Z,Andaman and Nicobar Islands,28.36,broken clouds
2026-07-11T13:22:35.900Z,Andaman and Nicobar Islands,28.1,overcast clouds
2026-07-11T14:55:33.298Z,Andaman and Nicobar Islands,28.12,overcast clouds
2026-07-11T16:59:35.154Z,Andaman and Nicobar Islands,27.92,overcast clouds
2026-07-11T19:05:55.533Z,Andaman and Nicobar Islands,27.81,overcast clouds
2026-07-11T20:50:46.987Z,Andaman and Nicobar Islands,27.71,overcast clouds
2026-07-11T22:50:39.838Z,Andaman and Nicobar Islands,27.76,overcast clouds
2026-07-12T02:55:15.971Z,Andaman and Nicobar Islands,28.16,overcast clouds
2026-07-12T06:34:02.737Z,Andaman and Nicobar Islands,28.9,scattered clouds
2026-07-12T09:51:47.227Z,Andaman and Nicobar Islands,28.25,overcast clouds
2026-07-12T11:11:37.700Z,Andaman and Nicobar Islands,28.12,overcast clouds
2026-07-12T13:23:20.732Z,Andaman and Nicobar Islands,27.72,overcast clouds
2026-07-12T14:57:57.248Z,Andaman and Nicobar Islands,27.95,overcast clouds
2026-07-12T16:59:45.964Z,Andaman and Nicobar Islands,27.83,overcast clouds
2026-07-12T19:07:48.046Z,Andaman and Nicobar Islands,27.54,overcast clouds
2026-07-12T20:51:34.476Z,Andaman and Nicobar Islands,27.42,overcast clouds
2026-07-12T22:51:48.531Z,Andaman and Nicobar Islands,27.35,overcast clouds
2026-07-13T02:56:33.456Z,Andaman and Nicobar Islands,27.97,overcast clouds
2026-07-13T06:54:21.404Z,Andaman and Nicobar Islands,28.49,overcast clouds
2026-07-13T11:13:10.416Z,Andaman and Nicobar Islands,27.91,overcast clouds
2026-07-13T14:37:32.099Z,Andaman and Nicobar Islands,27.69,overcast clouds
2026-07-13T17:55:46.816Z,Andaman and Nicobar Islands,27.4,overcast clouds
2026-07-13T19:26:20.708Z,Andaman and Nicobar Islands,27.33,overcast clouds
2026-07-13T20:57:45.254Z,Andaman and Nicobar Islands,27.31,overcast clouds
2026-07-13T22:56:40.954Z,Andaman and Nicobar Islands,27.37,overcast clouds
2026-07-14T02:37:40.682Z,Andaman and Nicobar Islands,28.24,overcast clouds
2026-07-14T06:11:44.532Z,Andaman and Nicobar Islands,28.49,overcast clouds
2026-07-14T09:59:52.728Z,Andaman and Nicobar Islands,28.23,overcast clouds
2026-07-14T11:39:36.722Z,Andaman and Nicobar Islands,27.94,heavy intensity rain
2026-07-14T13:47:17.465Z,Andaman and Nicobar Islands,27.74,overcast clouds
2026-07-14T15:24:12.773Z,Andaman and Nicobar Islands,27.59,overcast clouds
2026-07-14T17:16:08.872Z,Andaman and Nicobar Islands,27.43,overcast clouds
2026-07-14T19:21:54.456Z,Andaman and Nicobar Islands,27.32,overcast clouds
2026-07-14T21:01:30.873Z,Andaman and Nicobar Islands,27.18,overcast clouds
2026-07-14T22:57:15.938Z,Andaman and Nicobar Islands,27.25,overcast clouds
2026-07-15T02:35:48.288Z,Andaman and Nicobar Islands,28.36,broken clouds
2026-07-15T06:16:18.882Z,Andaman and Nicobar Islands,28.86,broken clouds
2026-07-15T10:04:00.123Z,Andaman and Nicobar Islands,28.62,broken clouds
2026-07-15T13:46:27.838Z,Andaman and Nicobar Islands,27.5,scattered clouds
2026-07-15T15:26:38.316Z,Andaman and Nicobar Islands,27.49,broken clouds
2026-07-15T17:18:58.219Z,Andaman and Nicobar Islands,27.46,broken clouds
2026-07-15T19:13:42.502Z,Andaman and Nicobar Islands,27.27,broken clouds
2026-07-15T21:01:42.385Z,Andaman and Nicobar Islands,27.14,broken clouds
2026-07-15T22:58:47.162Z,Andaman and Nicobar Islands,27.21,broken clouds
2026-07-16T02:43:58.936Z,Andaman and Nicobar Islands,28.12,broken clouds
2026-07-16T06:20:15.802Z,Andaman and Nicobar Islands,28.84,broken clouds
2026-07-16T10:09:50.046Z,Andaman and Nicobar Islands,28.33,overcast clouds
2026-07-16T13:55:28.745Z,Andaman and Nicobar Islands,27.35,overcast clouds
2026-07-16T15:39:47.828Z,Andaman and Nicobar Islands,27.39,overcast clouds
2026-07-16T17:18:06.545Z,Andaman and Nicobar Islands,27.35,overcast clouds
2026-07-16T19:13:50.611Z,Andaman and Nicobar Islands,27.2,overcast clouds
2026-07-16T21:01:00.868Z,Andaman and Nicobar Islands,27.16,overcast clouds
2026-07-16T22:57:40.616Z,Andaman and Nicobar Islands,27.13,overcast clouds
2026-07-17T02:46:10.215Z,Andaman and Nicobar Islands,28.17,broken clouds
2026-07-17T06:18:04.323Z,Andaman and Nicobar Islands,28.57,overcast clouds
2026-07-17T09:58:53.948Z,Andaman and Nicobar Islands,28.64,overcast clouds
2026-07-17T11:34:51.760Z,Andaman and Nicobar Islands,27.87,overcast clouds
2026-07-17T13:41:21.787Z,Andaman and Nicobar Islands,27.56,overcast clouds
2026-07-17T15:14:37.717Z,Andaman and Nicobar Islands,27.51,overcast clouds
2026-07-17T17:13:40.204Z,Andaman and Nicobar Islands,27.29,overcast clouds
2026-07-17T19:12:25.424Z,Andaman and Nicobar Islands,27.27,overcast clouds
2026-07-17T20:57:25.277Z,Andaman and Nicobar Islands,27.23,overcast clouds
2026-07-17T22:51:46.537Z,Andaman and Nicobar Islands,27,overcast clouds
2026-07-18T02:37:47.686Z,Andaman and Nicobar Islands,28.75,overcast clouds
2026-07-18T06:06:21.229Z,Andaman and Nicobar Islands,29.36,overcast clouds
2026-07-18T09:27:01.811Z,Andaman and Nicobar Islands,29.1,broken clouds
2026-07-18T11:04:57.199Z,Andaman and Nicobar Islands,28.62,broken clouds
2026-07-18T13:18:50.246Z,Andaman and Nicobar Islands,27.8,clear sky
2026-07-18T14:54:31.042Z,Andaman and Nicobar Islands,27.89,clear sky
2026-07-18T16:59:19.798Z,Andaman and Nicobar Islands,27.81,few clouds
2026-07-18T19:06:57.126Z,Andaman and Nicobar Islands,27.53,few clouds
2026-07-18T20:51:29.782Z,Andaman and Nicobar Islands,27.35,scattered clouds
2026-07-18T22:51:50.164Z,Andaman and Nicobar Islands,27.13,broken clouds
2026-07-19T02:52:00.288Z,Andaman and Nicobar Islands,28.99,overcast clouds
2026-07-19T06:30:51.335Z,Andaman and Nicobar Islands,29.66,overcast clouds
2026-07-19T09:52:47.725Z,Andaman and Nicobar Islands,29.47,overcast clouds
2026-07-19T11:08:58.501Z,Andaman and Nicobar Islands,29.08,broken clouds
2026-07-19T13:20:27.330Z,Andaman and Nicobar Islands,28.27,broken clouds
2026-07-19T14:57:07.393Z,Andaman and Nicobar Islands,28.07,scattered clouds
2026-07-19T16:59:14.199Z,Andaman and Nicobar Islands,28.04,scattered clouds
2026-07-19T19:08:31.914Z,Andaman and Nicobar Islands,27.96,overcast clouds
2026-07-19T20:52:09.362Z,Andaman and Nicobar Islands,27.58,overcast clouds
2026-07-19T22:54:03.426Z,Andaman and Nicobar Islands,27.62,overcast clouds
2026-07-20T03:20:54.432Z,Andaman and Nicobar Islands,28.73,overcast clouds
2026-07-20T06:48:10.658Z,Andaman and Nicobar Islands,29.14,overcast clouds
2026-07-20T10:53:43.555Z,Andaman and Nicobar Islands,28.28,overcast clouds
2026-07-20T14:08:43.456Z,Andaman and Nicobar Islands,28.15,overcast clouds
2026-07-20T18:05:14.041Z,Andaman and Nicobar Islands,27.74,overcast clouds
2026-07-20T21:12:54.416Z,Andaman and Nicobar Islands,27.73,overcast clouds
2026-07-20T23:01:44.240Z,Andaman and Nicobar Islands,27.78,overcast clouds
2026-07-21T02:49:06.019Z,Andaman and Nicobar Islands,28.67,overcast clouds
2026-07-21T06:29:10.482Z,Andaman and Nicobar Islands,29.44,overcast clouds
2026-07-21T10:25:59.813Z,Andaman and Nicobar Islands,28.96,broken clouds
2026-07-21T13:54:25.649Z,Andaman and Nicobar Islands,28.14,overcast clouds
2026-07-21T15:45:08.788Z,Andaman and Nicobar Islands,28.02,overcast clouds
2026-07-21T17:21:56.003Z,Andaman and Nicobar Islands,27.86,overcast clouds
2026-07-21T19:25:21.741Z,Andaman and Nicobar Islands,27.71,overcast clouds
2026-07-21T21:11:08.825Z,Andaman and Nicobar Islands,27.61,overcast clouds
2026-07-21T22:58:34.138Z,Andaman and Nicobar Islands,27.6,overcast clouds
2026-07-22T02:46:50.149Z,Andaman and Nicobar Islands,28.78,overcast clouds
2026-07-22T06:29:57.349Z,Andaman and Nicobar Islands,29.61,broken clouds
2026-07-22T10:26:17.499Z,Andaman and Nicobar Islands,28.97,overcast clouds
2026-07-22T13:59:16.410Z,Andaman and Nicobar Islands,28.29,overcast clouds
2026-07-22T15:47:14.593Z,Andaman and Nicobar Islands,28.23,overcast clouds
2026-07-22T17:21:37.639Z,Andaman and Nicobar Islands,28.24,light rain
2026-07-22T19:22:39.886Z,Andaman and Nicobar Islands,28.2,overcast clouds
2026-07-22T21:09:42.630Z,Andaman and Nicobar Islands,28.03,overcast clouds
2026-07-22T23:05:23.675Z,Andaman and Nicobar Islands,27.78,light rain
2026-07-23T02:52:43.654Z,Andaman and Nicobar Islands,28.75,light rain
2026-07-23T06:30:49.224Z,Andaman and Nicobar Islands,28.94,light rain
2026-07-23T10:24:09.145Z,Andaman and Nicobar Islands,28.82,overcast clouds
2026-07-23T14:04:00.373Z,Andaman and Nicobar Islands,28.19,overcast clouds
2026-07-23T17:24:04.812Z,Andaman and Nicobar Islands,28.04,overcast clouds
2026-07-23T19:20:08.757Z,Andaman and Nicobar Islands,27.55,light rain
2026-07-23T21:05:36.985Z,Andaman and Nicobar Islands,27.65,light rain
